club_id,transfermarkt_club,domestic_competition_id,games_analyzed,points_per_game,goal_difference_per_game,reference_date
3,1.FC Köln,L1,36,0.9722222222222222,-0.4444444444444444,2026-07-06
4,1.FC Nuremberg,L1,1,0.0,-1.0,2026-07-06
5,AC Milan,IT1,42,1.8095238095238095,0.47619047619047616,2026-07-06
6,Adanaspor,TR1,0,,,2026-07-06
10,Arminia Bielefeld,L1,2,1.5,0.0,2026-07-06
11,Arsenal FC,GB1,62,2.338709677419355,1.2741935483870968,2026-07-06
12,Associazione Sportiva Roma,IT1,49,1.836734693877551,0.673469387755102,2026-07-06
13,Atlético de Madrid,ES1,61,1.721311475409836,0.5081967213114754,2026-07-06
14,Austria Vienna,A1,36,1.5,0.027777777777777776,2026-07-06
15,Bayer 04 Leverkusen,L1,51,1.7254901960784315,0.5490196078431373,2026-07-06
16,Borussia Dortmund,L1,47,1.9787234042553192,0.8297872340425532,2026-07-06
18,Borussia Mönchengladbach,L1,37,1.1891891891891893,-0.24324324324324326,2026-07-06
19,Brescia Calcio,IT1,0,,,2026-07-06
20,Bursaspor,TR1,0,,,2026-07-06
23,Eintracht Braunschweig,L1,1,0.0,-1.0,2026-07-06
24,Eintracht Frankfurt,L1,44,1.1590909090909092,-0.2727272727272727,2026-07-06
26,FC Basel 1893,C1,48,1.3125,-0.1875,2026-07-06
27,Bayern Munich,L1,54,2.611111111111111,2.2037037037037037,2026-07-06
29,Everton FC,GB1,41,1.2682926829268293,-0.14634146341463414,2026-07-06
31,Liverpool FC,GB1,57,1.631578947368421,0.38596491228070173,2026-07-06
33,FC Schalke 04,L1,2,1.5,-1.5,2026-07-06
35,FC St. Pauli,L1,38,0.9210526315789473,-0.8157894736842105,2026-07-06
36,Fenerbahce,TR1,48,1.9375,0.875,2026-07-06
38,Fortuna Düsseldorf,L1,2,1.5,0.0,2026-07-06
39,1.FSV Mainz 05,L1,48,1.375,-0.08333333333333333,2026-07-06
40,FC Girondins Bordeaux,FR1,0,,,2026-07-06
41,Hamburger SV,L1,37,1.1891891891891893,-0.3783783783783784,2026-07-06
42,Hannover 96,L1,1,0.0,-1.0,2026-07-06
43,Heart of Midlothian FC,SC1,34,2.0588235294117645,0.8529411764705882,2026-07-06
44,Hertha BSC,L1,4,2.25,2.25,2026-07-06
46,Inter Milan,IT1,53,2.1132075471698113,1.2075471698113207,2026-07-06
47,Iraklis Thessaloniki,GR1,5,1.4,-1.2,2026-07-06
53,OFK Beograd,SER1,30,1.3333333333333333,0.0,2026-07-06
58,RSC Anderlecht,BE1,46,1.3695652173913044,-0.08695652173913043,2026-07-06
60,SC Freiburg,L1,53,1.6603773584905661,0.2830188679245283,2026-07-06
61,Servette FC,C1,44,1.2954545454545454,0.06818181818181818,2026-07-06
62,SK Slavia Prague,TS1,38,1.9473684210526316,0.6842105263157895,2026-07-06
65,SpVgg Greuther Fürth,L1,2,1.5,0.5,2026-07-06
76,Vålerengens Idrettsforening,NO1,28,1.5,-0.10714285714285714,2026-07-06
79,VfB Stuttgart,L1,52,1.8269230769230769,0.6730769230769231,2026-07-06
80,VfL Bochum,L1,3,2.0,0.3333333333333333,2026-07-06
82,VfL Wolfsburg,L1,36,0.8888888888888888,-0.4444444444444444,2026-07-06
86,SV Werder Bremen,L1,35,0.9142857142857143,-0.6857142857142857,2026-07-06
88,Widzew Lodz,PL1,34,1.2352941176470589,0.0,2026-07-06
89,1.FC Union Berlin,L1,37,1.2162162162162162,-0.24324324324324326,2026-07-06
105,SV Darmstadt 98,L1,3,2.0,1.0,2026-07-06
114,Beşiktaş Jimnastik Kulübü,TR1,40,1.675,0.45,2026-07-06
120,Kocaelispor,TR1,34,1.088235294117647,-0.35294117647058826,2026-07-06
121,FK Dinamo Moskva,RU1,42,1.4523809523809523,0.35714285714285715,2026-07-06
122,Sportklub Puntigamer Sturm Graz,A1,42,1.5714285714285714,0.14285714285714285,2026-07-06
124,Rangers FC,SC1,50,1.72,0.66,2026-07-06
126,Caykur Rizespor,TR1,34,1.2058823529411764,-0.17647058823529413,2026-07-06
127,SC Paderborn 07,L1,2,1.5,0.0,2026-07-06
128,AO Xanthi,GR1,0,,,2026-07-06
130,Parma Calcio 1913,IT1,41,1.2439024390243902,-0.3902439024390244,2026-07-06
131,FC Barcelona,ES1,57,2.3684210526315788,1.4210526315789473,2026-07-06
132,NAC Breda,NL1,35,0.8285714285714286,-0.7428571428571429,2026-07-06
133,SC Cambuur Leeuwarden,NL1,1,0.0,-1.0,2026-07-06
141,Galatasaray,TR1,46,2.0217391304347827,0.9565217391304348,2026-07-06
142,Real Zaragoza,ES1,2,1.5,0.5,2026-07-06
144,HNK Rijeka,KR1,52,1.4615384615384615,0.25,2026-07-06
148,Tottenham Hotspur,GB1,52,1.2307692307692308,-0.038461538461538464,2026-07-06
150,Real Betis Balompié,ES1,55,1.690909090909091,0.45454545454545453,2026-07-06
152,Samsunspor,TR1,46,1.5434782608695652,0.17391304347826086,2026-07-06
157,KAA Gent,BE1,40,1.275,-0.1,2026-07-06
159,Red Star Belgrade,SER1,46,2.239130434782609,1.5217391304347827,2026-07-06
162,AS Monaco,FR1,44,1.4772727272727273,-0.022727272727272728,2026-07-06
167,FC Augsburg,L1,36,1.2777777777777777,-0.4166666666666667,2026-07-06
168,Zaglebie Lubin,PL1,34,1.411764705882353,0.20588235294117646,2026-07-06
169,Panionios Athens,GR1,1,0.0,-1.0,2026-07-06
170,Rapid Vienna,A1,44,1.3181818181818181,-0.22727272727272727,2026-07-06
172,Royal Charleroi Sporting Club,BE1,42,1.2380952380952381,-0.023809523809523808,2026-07-06
173,Odense Boldklub,DK1,27,1.4444444444444444,0.2222222222222222,2026-07-06
180,Southampton FC,GB1,8,2.25,0.75,2026-07-06
189,Club Atlético Boca Juniors,ARG1,16,1.875,0.8125,2026-07-06
190,FC Copenhagen,DK1,42,1.6428571428571428,0.30952380952380953,2026-07-06
192,Roda JC Kerkrade,NL1,2,1.5,1.0,2026-07-06
195,Rosenborg Ballklub,NO1,34,1.2058823529411764,-0.08823529411764706,2026-07-06
197,AC Sparta Prague,TS1,44,2.0,0.8409090909090909,2026-07-06
199,Sport Club Corinthians Paulista,BRA1,44,1.25,-0.09090909090909091,2026-07-06
200,FC Utrecht,NL1,50,1.46,0.28,2026-07-06
202,FC Groningen,NL1,35,1.3714285714285714,0.02857142857142857,2026-07-06
204,Lierse SK (- 2018),BE1,0,,,2026-07-06
206,Bröndby IF,DK1,30,1.5,0.36666666666666664,2026-07-06
209,Club Atlético River Plate,ARG1,16,1.8125,0.625,2026-07-06
210,Grêmio Foot-Ball Porto Alegrense,BRA1,44,1.2272727272727273,-0.06818181818181818,2026-07-06
218,San Jose Earthquakes,MLS1,29,1.5862068965517242,0.27586206896551724,2026-07-06
221,Santos Futebol Clube,BRA1,44,1.2954545454545454,-0.11363636363636363,2026-07-06
223,HNK Sibenik,KR1,0,,,2026-07-06
232,FK Spartak Moskva,RU1,41,1.853658536585366,0.4146341463414634,2026-07-06
234,Feyenoord Rotterdam,NL1,45,1.6444444444444444,0.4222222222222222,2026-07-06
235,RKC Waalwijk,NL1,3,2.0,2.6666666666666665,2026-07-06
237,RCD Mallorca,ES1,41,1.170731707317073,-0.1951219512195122,2026-07-06
238,Lech Poznan,PL1,50,1.78,0.5,2026-07-06
239,Viking Fotballklubb,NO1,29,2.3793103448275863,1.5517241379310345,2026-07-06
242,FC Winterthur,C1,38,0.6052631578947368,-1.4736842105263157,2026-07-06
244,Olympique Marseille,FR1,43,1.5813953488372092,0.27906976744186046,2026-07-06
252,Genoa CFC,IT1,41,1.146341463414634,-0.21951219512195122,2026-07-06
255,Legia Warszawa,PL1,48,1.5,0.14583333333333334,2026-07-06
257,FC St. Gallen 1879,C1,38,1.8421052631578947,0.6578947368421053,2026-07-06
260,FC Zürich,C1,38,1.0,-0.6052631578947368,2026-07-06
265,Panathinaikos Athlitikos Omilos,GR1,51,1.803921568627451,0.43137254901960786,2026-07-06
266,SV Ried,A1,32,1.3125,-0.125,2026-07-06
267,Idrettsklubben Start,NO1,12,0.5833333333333334,-1.25,2026-07-06
269,Holstein Kiel,L1,4,2.25,0.5,2026-07-06
272,Allmänna Idrottsklubben,SE1,31,1.3870967741935485,0.06451612903225806,2026-07-06
273,Stade Rennais FC,FR1,34,1.7352941176470589,0.2647058823529412,2026-07-06
276,Hellas Verona,IT1,40,0.6,-0.875,2026-07-06
281,Manchester City,GB1,59,2.152542372881356,1.2542372881355932,2026-07-06
288,Club Estudiantes de La Plata,ARG1,16,1.9375,0.75,2026-07-06
289,Sunderland AFC,GB1,42,1.4285714285714286,-0.09523809523809523,2026-07-06
290,AJ Auxerre,FR1,34,1.0,-0.29411764705882354,2026-07-06
294,SL Benfica,PO1,51,2.0588235294117645,1.0196078431372548,2026-07-06
301,FCSB,RO1,46,1.434782608695652,0.13043478260869565,2026-07-06
306,SC Heerenveen,NL1,38,1.5789473684210527,0.18421052631578946,2026-07-06
311,Football Club Pohang Steelers,RSK1,28,1.3214285714285714,-0.21428571428571427,2026-07-06
312,FC Dinamo 1948,RO1,30,1.7333333333333334,0.4666666666666667,2026-07-06
316,Grazer AK 1902,A1,32,1.15625,-0.09375,2026-07-06
317,FC Twente Enschede,NL1,38,1.763157894736842,0.6578947368421053,2026-07-06
321,FC Sion,C1,38,1.6578947368421053,0.6052631578947368,2026-07-06
322,Yverdon Sport FC,C1,0,,,2026-07-06
324,Pogon Szczecin,PL1,34,1.3235294117647058,-0.058823529411764705,2026-07-06
327,NK Osijek,KR1,36,0.9722222222222222,-0.6111111111111112,2026-07-06
330,Clube Atlético Mineiro,BRA1,44,1.1818181818181819,-0.11363636363636363,2026-07-06
331,CA Osasuna,ES1,42,1.2142857142857142,0.047619047619047616,2026-07-06
333,Club Atlético Lanús,ARG1,16,1.5,0.1875,2026-07-06
336,Sporting CP,PO1,49,2.142857142857143,1.510204081632653,2026-07-06
338,Dynamo Kyiv,UKR1,46,1.826086956521739,0.8478260869565217,2026-07-06
339,Dnipro Dnipropetrovsk (-2020),UKR1,0,,,2026-07-06
347,FC Metz,FR1,34,0.5,-1.2941176470588236,2026-07-06
350,Sheffield United,GB1,2,0.0,-1.0,2026-07-06
353,Lillestrøm Sportsklubb,NO1,11,1.7272727272727273,0.5454545454545454,2026-07-06
354,KV Mechelen,BE1,40,1.275,-0.325,2026-07-06
366,Real Valladolid CF,ES1,1,0.0,-1.0,2026-07-06
367,Rayo Vallecano,ES1,56,1.6071428571428572,0.32142857142857145,2026-07-06
368,Sevilla FC,ES1,41,1.1951219512195121,-0.2682926829268293,2026-07-06
369,Lyngby Boldklub,DK1,3,2.0,0.0,2026-07-06
370,Aberdeen FC,SC1,44,0.9545454545454546,-0.6590909090909091,2026-07-06
371,Celtic FC,SC1,49,1.9183673469387754,0.5714285714285714,2026-07-06
377,FC Baník Ostrava a.s.,TS1,36,0.75,-0.6388888888888888,2026-07-06
379,West Ham United,GB1,43,1.1162790697674418,-0.4186046511627907,2026-07-06
380,US Salernitana 1919,IT1,0,,,2026-07-06
383,PSV Eindhoven,NL1,47,2.2127659574468086,1.3829787234042554,2026-07-06
385,Fortuna Sittardia Combinatie,NL1,36,1.1666666666666667,-0.3888888888888889,2026-07-06
398,Società Sportiva Lazio S.p.A.,IT1,42,1.5238095238095237,0.14285714285714285,2026-07-06
399,Leeds United,GB1,44,1.3409090909090908,-0.045454545454545456,2026-07-06
403,Willem II Tilburg,NL1,2,1.5,1.5,2026-07-06
405,Aston Villa,GB1,55,1.8909090909090909,0.43636363636363634,2026-07-06
409,Fußballclub Red Bull Salzburg,A1,44,1.3181818181818181,0.25,2026-07-06
410,Udinese Calcio,IT1,41,1.3658536585365855,-0.04878048780487805,2026-07-06
413,LASK,A1,32,1.8125,0.4375,2026-07-06
415,FC Toulouse,FR1,34,1.3235294117647058,0.029411764705882353,2026-07-06
416,Torino FC,IT1,42,1.2857142857142858,-0.40476190476190477,2026-07-06
417,OGC Nice,FR1,44,0.7954545454545454,-0.7954545454545454,2026-07-06
418,Real Madrid,ES1,57,2.087719298245614,0.8947368421052632,2026-07-06
419,GNK Dinamo Zagreb,KR1,46,2.108695652173913,1.2826086956521738,2026-07-06
428,Górnik Zabrze,PL1,34,1.6470588235294117,0.35294117647058826,2026-07-06
430,ACF Fiorentina,IT1,53,1.3018867924528301,-0.05660377358490566,2026-07-06
432,Chicago Fire Soccer Club,MLS1,29,1.7586206896551724,0.5172413793103449,2026-07-06
434,FC Luzern,C1,38,1.394736842105263,0.2631578947368421,2026-07-06
441,Apollon Smyrnis,GR1,0,,,2026-07-06
443,Vejle Boldklub,DK1,27,0.9629629629629629,-0.37037037037037035,2026-07-06
447,HNK Hajduk Split,KR1,40,1.875,0.625,2026-07-06
448,FK Vojvodina Novi Sad,SER1,30,2.066666666666667,0.8666666666666667,2026-07-06
449,Trabzonspor,TR1,34,2.0294117647058822,0.6470588235294118,2026-07-06
450,FK Dukla Prague,TS1,30,0.7666666666666667,-0.7333333333333333,2026-07-06
452,BSC Young Boys,C1,48,1.4583333333333333,0.14583333333333334,2026-07-06
455,FC Rapid 1923,RO1,30,1.8666666666666667,0.5666666666666667,2026-07-06
456,HNK Vukovar 1991,KR1,36,0.7777777777777778,-1.0,2026-07-06
458,Palermo FC,IT1,2,1.5,0.0,2026-07-06
465,St. Mirren FC,SC1,37,1.054054054054054,-0.5945945945945946,2026-07-06
467,NEC Nijmegen,NL1,40,1.85,0.65,2026-07-06
468,Sparta Rotterdam,NL1,37,1.3243243243243243,-0.43243243243243246,2026-07-06
472,UD Las Palmas,ES1,1,0.0,-2.0,2026-07-06
475,Sint-Truidense VV,BE1,40,1.775,0.375,2026-07-06
496,Malmö Fotbollförening,SE1,42,1.4523809523809523,0.047619047619047616,2026-07-06
498,KSC Lokeren (- 2020),BE1,0,,,2026-07-06
499,Vitesse Arnhem,NL1,1,0.0,-1.0,2026-07-06
501,Fotballklubben Bodø/Glimt,NO1,44,2.1363636363636362,1.4545454545454546,2026-07-06
504,Grasshopper Club Zurich,C1,38,0.868421052631579,-0.6842105263157895,2026-07-06
506,Juventus FC,IT1,50,1.76,0.56,2026-07-06
511,Dundee FC,SC1,35,1.0285714285714285,-0.5428571428571428,2026-07-06
512,Stoke City,GB1,4,1.5,-0.5,2026-07-06
520,Cercle Brugge,BE1,36,1.1388888888888888,-0.1388888888888889,2026-07-06
524,Gaziantepspor (- 2020),TR1,0,,,2026-07-06
527,Football Club Lausanne-Sport,C1,52,1.2884615384615385,-0.057692307692307696,2026-07-06
533,TSG 1899 Hoffenheim,L1,36,1.7777777777777777,0.4444444444444444,2026-07-06
537,S. A. F. Botafogo,BRA1,44,1.5227272727272727,0.29545454545454547,2026-07-06
543,Wolverhampton Wanderers,GB1,44,0.7272727272727273,-0.7954545454545454,2026-07-06
553,Ionikos Nikeas,GR1,0,,,2026-07-06
566,Beerschot AC,BE1,0,,,2026-07-06
583,Paris Saint-Germain,FR1,54,2.2037037037037037,1.3333333333333333,2026-07-06
585,São Paulo Futebol Clube,BRA1,44,1.4545454545454546,0.06818181818181818,2026-07-06
589,Antalyaspor,TR1,34,0.9411764705882353,-0.6470588235294118,2026-07-06
593,Kyoto Purple Sanga,JAP1,13,2.0,1.0769230769230769,2026-07-06
595,SC Bastia,FR1,0,,,2026-07-06
596,Gamba Osaka,JAP1,13,1.9230769230769231,0.23076923076923078,2026-07-06
599,NK Varazdin,KR1,38,1.5,0.0,2026-07-06
601,KV Kortrijk,BE1,0,,,2026-07-06
603,Cardiff City,GB1,6,2.0,0.5,2026-07-06
605,Aris Thessalonikis,GR1,34,1.2941176470588236,-0.14705882352941177,2026-07-06
607,Venezia FC,IT1,3,2.0,0.3333333333333333,2026-07-06
609,Cruzeiro Esporte Clube,BRA1,44,1.5909090909090908,0.25,2026-07-06
610,Ajax Amsterdam,NL1,44,1.4772727272727273,0.1590909090909091,2026-07-06
614,Clube de Regatas do Flamengo,BRA1,44,2.022727272727273,1.0454545454545454,2026-07-06
618,AS Saint-Étienne,FR1,0,,,2026-07-06
621,Athletic Bilbao,ES1,52,1.1923076923076923,-0.46153846153846156,2026-07-06
623,Red Bull New York,MLS1,29,1.2413793103448276,-0.4827586206896552,2026-07-06
626,New England Revolution,MLS1,30,1.2333333333333334,-0.2,2026-07-06
631,Chelsea FC,GB1,60,1.6333333333333333,0.5333333333333333,2026-07-06
641,Middlesbrough FC,GB1,2,0.0,-3.0,2026-07-06
642,De Graafschap Doetinchem,NL1,1,0.0,-2.0,2026-07-06
653,Omilos Filathlon Irakliou FC,GR1,35,1.542857142857143,-0.05714285714285714,2026-07-06
660,FC Shakhtar Donetsk,UKR1,52,2.1153846153846154,1.2692307692307692,2026-07-06
667,RC Strasbourg Alsace,FR1,48,1.6666666666666667,0.3958333333333333,2026-07-06
669,FK Partizan Belgrade,SER1,36,1.9722222222222223,0.75,2026-07-06
672,JEF United,JAP1,0,,,2026-07-06
677,Ipswich Town,GB1,3,1.0,-0.3333333333333333,2026-07-06
678,Aarhus GF,DK1,28,2.142857142857143,0.8928571428571429,2026-07-06
679,Clube Atlético Paranaense,BRA1,18,1.6666666666666667,0.3333333333333333,2026-07-06
681,Real Sociedad,ES1,46,1.5217391304347827,0.1956521739130435,2026-07-06
683,Olympiakos Syndesmos Filathlon Peiraios,GR1,41,2.0,1.0,2026-07-06
687,Molde Fotballklubb,NO1,28,1.5714285714285714,0.39285714285714285,2026-07-06
697,FC Slovan Liberec,TS1,30,1.5333333333333334,0.43333333333333335,2026-07-06
703,Nottingham Forest,GB1,56,1.2678571428571428,0.10714285714285714,2026-07-06
714,RCD Espanyol Barcelona,ES1,40,1.225,-0.3,2026-07-06
715,"Bohemians Praha 1905, a.s.",TS1,30,1.2,-0.3,2026-07-06
720,FC Porto,PO1,47,2.382978723404255,1.148936170212766,2026-07-06
723,Almere City FC,NL1,3,2.0,0.3333333333333333,2026-07-06
724,FC Volendam,NL1,38,1.0789473684210527,-0.4473684210526316,2026-07-06
738,Le Havre AC,FR1,34,1.0294117647058822,-0.35294117647058826,2026-07-06
749,FC Empoli,IT1,2,1.5,0.5,2026-07-06
750,FC Sochaux-Montbéliard,FR1,0,,,2026-07-06
759,Slask Wroclaw,PL1,0,,,2026-07-06
762,Newcastle United,GB1,58,1.4655172413793103,0.20689655172413793,2026-07-06
776,Coritiba Foot Ball Club,BRA1,18,1.4444444444444444,0.0,2026-07-06
788,FK Napredak Krusevac,SER1,30,0.4666666666666667,-1.3,2026-07-06
798,Excelsior Rotterdam,NL1,35,1.0857142857142856,-0.4,2026-07-06
800,Atalanta BC,IT1,54,1.5185185185185186,0.25925925925925924,2026-07-06
801,Idrottsföreningen Kamraterna Göteborg,SE1,28,1.5,0.03571428571428571,2026-07-06
813,Columbus Crew,MLS1,29,1.1379310344827587,-0.1724137931034483,2026-07-06
814,FK Teplice,TS1,30,0.9666666666666667,-0.3,2026-07-06
820,Gençlerbirliği Spor Kulübü,TR1,34,1.0,-0.3235294117647059,2026-07-06
825,Eskisehirspor,TR1,0,,,2026-07-06
826,RC Lens,FR1,34,2.0588235294117645,0.9117647058823529,2026-07-06
828,Urawa Red Diamonds,JAP1,14,1.5714285714285714,0.07142857142857142,2026-07-06
830,Club Atlético Banfield,ARG1,16,1.125,-0.125,2026-07-06
833,Denizlispor,TR1,0,,,2026-07-06
855,EA Guingamp,FR1,0,,,2026-07-06
862,Chievo Verona,IT1,0,,,2026-07-06
865,FC Midtjylland,DK1,44,2.2045454545454546,1.4545454545454546,2026-07-06
868,MKE Ankaragücü,TR1,0,,,2026-07-06
873,Crystal Palace,GB1,59,1.4406779661016949,0.13559322033898305,2026-07-06
875,Adelaide United,AUS1,26,1.6538461538461537,0.38461538461538464,2026-07-06
897,Deportivo de La Coruña,ES1,4,2.25,1.5,2026-07-06
903,Hibernian FC,SC1,40,1.4,0.3,2026-07-06
924,Istanbulspor,TR1,0,,,2026-07-06
928,Club Atlético Platense,ARG1,16,1.0,-0.3125,2026-07-06
931,Fulham FC,GB1,45,1.488888888888889,0.022222222222222223,2026-07-06
932,"Футбольный клуб ""Локомотив"" Москва",RU1,40,1.7,0.4,2026-07-06
938,FC Thun,C1,38,1.9736842105263157,0.7368421052631579,2026-07-06
940,Celta de Vigo,ES1,55,1.509090909090909,0.14545454545454545,2026-07-06
941,FC Viktoria Plzen,TS1,44,1.6818181818181819,0.4318181818181818,2026-07-06
943,Yokohama FC,JAP1,12,0.9166666666666666,-0.4166666666666667,2026-07-06
952,UTA Arad,RO1,30,1.4333333333333333,-0.16666666666666666,2026-07-06
964,AO FK Zenit Sankt-Peterburg,RU1,41,2.317073170731707,1.170731707317073,2026-07-06
968,KVC Westerlo,BE1,40,1.3,-0.175,2026-07-06
969,Montpellier HSC,FR1,0,,,2026-07-06
970,Perth Glory,AUS1,26,1.1923076923076923,-0.2692307692307692,2026-07-06
976,CF União Madeira (-2021),PO1,0,,,2026-07-06
978,Club de Regatas Vasco da Gama,BRA1,44,1.1818181818181819,-0.22727272727272727,2026-07-06
979,Moreirense FC,PO1,34,1.2647058823529411,-0.35294117647058826,2026-07-06
982,CD Nacional,PO1,34,1.0,-0.23529411764705882,2026-07-06
984,West Bromwich Albion,GB1,3,1.0,-0.6666666666666666,2026-07-06
985,Manchester United,GB1,40,1.775,0.425,2026-07-06
987,Motherwell FC,SC1,35,1.6285714285714286,0.6285714285714286,2026-07-06
989,AFC Bournemouth,GB1,40,1.425,0.025,2026-07-06
993,Córdoba CF,ES1,1,0.0,-1.0,2026-07-06
995,FC Nantes,FR1,34,0.7058823529411765,-0.6764705882352942,2026-07-06
999,NK Istra 1961,KR1,36,1.1944444444444444,-0.3055555555555556,2026-07-06
1003,Leicester City,GB1,3,1.0,0.0,2026-07-06
1005,US Lecce,IT1,40,1.025,-0.575,2026-07-06
1010,Watford FC,GB1,2,0.0,-2.5,2026-07-06
1011,Halmstads BK,SE1,28,1.0,-0.8214285714285714,2026-07-06
1022,Cerezo Osaka,JAP1,13,1.2307692307692308,-0.07692307692307693,2026-07-06
1023,Sociedade Esportiva Palmeiras,BRA1,45,2.111111111111111,1.0222222222222221,2026-07-06
1025,Bologna Football Club 1909,IT1,56,1.5535714285714286,0.07142857142857142,2026-07-06
1029,Club Atlético Vélez Sársfield,ARG1,16,1.75,0.375,2026-07-06
1030,Asociación Atlética Argentinos Juniors,ARG1,16,1.8125,0.25,2026-07-06
1031,Luton Town,GB1,3,1.0,-0.6666666666666666,2026-07-06
1032,Reading FC,GB1,4,1.5,-0.25,2026-07-06
1038,UC Sampdoria,IT1,1,0.0,-2.0,2026-07-06
1039,Queens Park Rangers,GB1,2,0.0,-1.0,2026-07-06
1041,Olympique Lyon,FR1,44,1.8636363636363635,0.5454545454545454,2026-07-06
1044,Djurgårdens Idrottsförening,SE1,27,1.8148148148148149,1.2592592592592593,2026-07-06
1047,Como 1907,IT1,44,1.9090909090909092,0.9772727272727273,2026-07-06
1049,Valencia CF,ES1,43,1.4186046511627908,0.0,2026-07-06
1050,Villarreal CF,ES1,49,1.6122448979591837,0.40816326530612246,2026-07-06
1053,Aalborg BK,DK1,3,2.0,1.0,2026-07-06
1057,Bryne FK,NO1,19,0.8947368421052632,-0.8421052631578947,2026-07-06
1059,Hammarby IF,SE1,31,1.7419354838709677,0.8387096774193549,2026-07-06
1061,Los Angeles Galaxy,MLS1,28,1.3571428571428572,0.0,2026-07-06
1062,S-Pulse,JAP1,14,1.0,-0.42857142857142855,2026-07-06
1063,Viborg FF,DK1,29,1.5517241379310345,0.3793103448275862,2026-07-06
1066,Nagoya Grampus Eight,JAP1,14,0.8571428571428571,-0.8571428571428571,2026-07-06
1071,Wigan Athletic,GB1,7,2.142857142857143,0.0,2026-07-06
1075,SC Braga,PO1,57,1.894736842105263,0.9649122807017544,2026-07-06
1082,LOSC Lille,FR1,46,1.6521739130434783,0.34782608695652173,2026-07-06
1083,FK Rostov,RU1,38,1.105263157894737,-0.2631578947368421,2026-07-06
1084,Málaga CF,ES1,2,1.5,0.5,2026-07-06
1085,Vitória Setúbal FC,PO1,0,,,2026-07-06
1090,AZ Alkmaar,NL1,57,1.7894736842105263,0.6842105263157895,2026-07-06
1091,Panthessalonikios Athlitikos Omilos Konstantinoupoliton,GR1,49,1.9387755102040816,1.0,2026-07-06
1092,Idrottsföreningen  Brommapojkarna,SE1,28,1.2142857142857142,-0.17857142857142858,2026-07-06
1095,ESTAC Troyes,FR1,0,,,2026-07-06
1096,Royal Antwerp FC,BE1,40,1.2,-0.125,2026-07-06
1100,Sportsklubben Brann,NO1,44,1.3863636363636365,0.20454545454545456,2026-07-06
1101,Idrottsföreningen Elfsborg,SE1,29,1.103448275862069,-0.41379310344827586,2026-07-06
1106,Club de Gimnasia y Esgrima La Plata,ARG1,16,1.625,0.0,2026-07-06
1108,Deportivo Alavés,ES1,43,1.2790697674418605,0.0,2026-07-06
1109,BK Häcken,SE1,42,1.3333333333333333,0.11904761904761904,2026-07-06
1110,Huddersfield Town,GB1,4,1.5,-0.25,2026-07-06
1114,Al-Hilal Saudi Football Club,SA1,34,2.4705882352941178,1.7058823529411764,2026-07-06
1118,Örgryte IS,SE1,11,0.5454545454545454,-1.6363636363636365,2026-07-06
1123,Norwich City,GB1,5,1.8,0.2,2026-07-06
1124,Fakel Voronezh,RU1,3,2.0,0.6666666666666666,2026-07-06
1132,Burnley FC,GB1,42,0.6666666666666666,-0.8095238095238095,2026-07-06
1146,Club Necaxa,MEX1,17,1.0588235294117647,-0.35294117647058826,2026-07-06
1147,AC Ajaccio,FR1,0,,,2026-07-06
1148,Brentford FC,GB1,45,1.511111111111111,0.24444444444444444,2026-07-06
1158,FC Lorient,FR1,34,1.3235294117647058,-0.08823529411764706,2026-07-06
1159,AS Nancy-Lorraine,FR1,0,,,2026-07-06
1160,Nîmes Olympique,FR1,0,,,2026-07-06
1162,SM Caen,FR1,0,,,2026-07-06
1177,Silkeborg IF,DK1,29,1.0344827586206897,-0.6551724137931034,2026-07-06
1184,KRC Genk,BE1,54,1.5740740740740742,0.18518518518518517,2026-07-06
1186,Torpedo Moscow,RU1,4,2.25,1.25,2026-07-06
1191,Falkirk FC,SC1,37,1.4864864864864864,-0.02702702702702703,2026-07-06
1210,US Livorno 1915,IT1,0,,,2026-07-06
1234,Club Atlético Independiente de Avellaneda,ARG1,16,1.5,0.25,2026-07-06
1236,Östers IF,SE1,16,0.875,-0.75,2026-07-06
1237,Brighton & Hove Albion,GB1,43,1.441860465116279,0.32558139534883723,2026-07-06
1241,Livingston FC,SC1,34,0.47058823529411764,-0.9411764705882353,2026-07-06
1244,CD Leganés,ES1,2,1.5,1.0,2026-07-06
1245,KAS Eupen,BE1,0,,,2026-07-06
1247,Colorado Rapids,MLS1,28,1.1071428571428572,-0.17857142857142858,2026-07-06
1268,ADO Den Haag,NL1,1,0.0,-1.0,2026-07-06
1269,PEC Zwolle,NL1,36,1.1111111111111112,-0.7222222222222222,2026-07-06
1283,FC Emmen,NL1,1,0.0,-1.0,2026-07-06
1286,Club Atlético Newell’s Old Boys,ARG1,16,0.9375,-0.75,2026-07-06
1293,Tromsø Idrettslag,NO1,31,1.8387096774193548,0.3870967741935484,2026-07-06
1301,CS Marítimo,PO1,0,,,2026-07-06
1304,Heracles Almelo,NL1,37,0.6756756756756757,-1.2162162162162162,2026-07-06
1321,SK Dynamo Ceske Budejovice,TS1,0,,,2026-07-06
1322,FK Jablonec,TS1,30,1.7,0.26666666666666666,2026-07-06
1387,Siena FC,IT1,0,,,2026-07-06
1390,Cagliari Calcio,IT1,41,1.1951219512195121,-0.24390243902439024,2026-07-06
1403,Santos Laguna,MEX1,17,0.7058823529411765,-1.0588235294117647,2026-07-06
1411,RAEC Mons (- 2015),BE1,0,,,2026-07-06
1416,Amiens SC,FR1,0,,,2026-07-06
1418,Club Atlético Rosario Central,ARG1,16,1.75,0.25,2026-07-06
1420,Angers SCO,FR1,34,1.0588235294117647,-0.5588235294117647,2026-07-06
1421,Stade Reims,FR1,0,,,2026-07-06
1423,Valenciennes FC,FR1,0,,,2026-07-06
1426,VVV-Venlo,NL1,1,0.0,-3.0,2026-07-06
1429,Cesena FC,IT1,1,0.0,-1.0,2026-07-06
1434,SC Telstar,NL1,39,1.2564102564102564,0.10256410256410256,2026-07-06
1435,Go Ahead Eagles,NL1,46,1.108695652173913,-0.13043478260869565,2026-07-06
1436,SC Beira-Mar,PO1,0,,,2026-07-06
1444,Racing Club Asociación Civil de Avellaneda,ARG1,16,1.3125,0.125,2026-07-06
1455,FC Dordrecht,NL1,1,0.0,-7.0,2026-07-06
1465,GD Estoril Praia,PO1,34,1.1470588235294117,-0.08823529411764706,2026-07-06
1467,Göztepe,TR1,34,1.6176470588235294,0.29411764705882354,2026-07-06
1496,FK Pardubice,TS1,30,1.3666666666666667,-0.23333333333333334,2026-07-06
1506,Kardemir Karabükspor,TR1,0,,,2026-07-06
1519,Dundee United FC,SC1,40,1.325,-0.15,2026-07-06
1531,Elche CF,ES1,42,1.2380952380952381,-0.07142857142857142,2026-07-06
1533,SD Eibar,ES1,3,2.0,1.3333333333333333,2026-07-06
1627,Catania FC,IT1,0,,,2026-07-06
1775,Club Atlético San Lorenzo de Almagro,ARG1,16,1.375,0.0,2026-07-06
1804,Deportivo Toluca,MEX1,17,1.7647058823529411,0.7058823529411765,2026-07-06
1829,Instituto Atlético Central Córdoba,ARG1,16,1.3125,0.0,2026-07-06
1894,Hvidovre IF,DK1,3,2.0,0.3333333333333333,2026-07-06
1897,FC Hradec Kralove,TS1,30,1.6333333333333333,0.3,2026-07-06
2029,Ceará Sporting Club,BRA1,27,1.037037037037037,-0.2962962962962963,2026-07-06
2036,1. Fußballclub Heidenheim 1846,L1,36,0.8055555555555556,-0.75,2026-07-06
2063,Club Atlético Huracán,ARG1,16,1.375,0.25,2026-07-06
2079,Veria NPS,GR1,0,,,2026-07-06
2118,Wisla Plock,PL1,34,1.3529411764705883,-0.11764705882352941,2026-07-06
2125,Esporte Clube Vitória,BRA1,43,1.302325581395349,-0.3953488372093023,2026-07-06
2157,FC Blau-Weiss Linz,A1,32,0.90625,-0.375,2026-07-06
2227,SK Tavriya Simferopol ( - 2022),UKR1,0,,,2026-07-06
2239,US Cremonese,IT1,39,0.8717948717948718,-0.6666666666666666,2026-07-06
2241,Kashima Antlers FC,JAP1,12,2.1666666666666665,1.0833333333333333,2026-07-06
2282,Club Brugge KV,BE1,55,2.0727272727272728,0.9454545454545454,2026-07-06
2288,Swansea City,GB1,5,1.8,0.4,2026-07-06
2292,Elazigspor,TR1,0,,,2026-07-06
2293,Konyaspor,TR1,34,1.1764705882352942,-0.20588235294117646,2026-07-06
2300,Jagiellonia Bialystok,PL1,48,1.7083333333333333,0.4583333333333333,2026-07-06
2311,"SK Sigma Olomouc, a.s.",TS1,42,1.3095238095238095,-0.19047619047619047,2026-07-06
2323,Orduspor,TR1,0,,,2026-07-06
2350,Millonarios FC,COL1,20,1.3,-0.15,2026-07-06
2352,CD América de Cali,COL1,20,1.45,0.2,2026-07-06
2362,Slaven Belupo Koprivnica,KR1,36,1.1388888888888888,-0.4166666666666667,2026-07-06
2375,Altay SK,TR1,0,,,2026-07-06
2381,Sivasspor,TR1,0,,,2026-07-06
2402,Club Social y Deportivo Defensa y Justicia,ARG1,16,1.1875,-0.1875,2026-07-06
2407,CF Monterrey,MEX1,17,1.0588235294117647,-0.11764705882352941,2026-07-06
2410,PFK CSKA Moskva,RU1,42,1.7857142857142858,0.42857142857142855,2026-07-06
2414,AC Horsens,DK1,2,1.5,0.0,2026-07-06
2417,Club Atlético Belgrano,ARG1,16,1.625,0.25,2026-07-06
2420,Vitória Guimarães SC,PO1,37,1.3783783783783783,-0.21621621621621623,2026-07-06
2423,CD Santa Clara,PO1,41,1.0731707317073171,-0.2682926829268293,2026-07-06
2424,Gil Vicente FC,PO1,34,1.4705882352941178,0.2647058823529412,2026-07-06
2425,Rio Ave FC,PO1,34,1.0588235294117647,-0.6470588235294118,2026-07-06
2431,CF Estrela Amadora,PO1,34,0.8823529411764706,-0.5294117647058824,2026-07-06
2439,Kuban Krasnodar (-2018),RU1,0,,,2026-07-06
2440,D.C. United,MLS1,29,0.896551724137931,-0.6206896551724138,2026-07-06
2441,Athlitiki Enosi Konstantinoupoleos,GR1,47,2.1914893617021276,1.0425531914893618,2026-07-06
2446,WSG Tirol,A1,32,1.25,-0.375,2026-07-06
2448,Sporting Gijón,ES1,3,2.0,0.3333333333333333,2026-07-06
2451,Inverness Caledonian Thistle FC,SC1,2,1.5,-0.5,2026-07-06
2457,B SAD,PO1,0,,,2026-07-06
2462,Fluminense Football Club,BRA1,46,1.6304347826086956,0.2391304347826087,2026-07-06
2477,Karpaty Lviv (-2021),UKR1,0,,,2026-07-06
2497,Real Oviedo,ES1,39,0.7435897435897436,-0.9230769230769231,2026-07-06
2503,Boavista FC,PO1,0,,,2026-07-06
2521,FC Alverca,PO1,35,1.1142857142857143,-0.6,2026-07-06
2553,Kilmarnock FC,SC1,34,0.8235294117647058,-0.8529411764705882,2026-07-06
2578,St. Johnstone FC,SC1,1,0.0,-1.0,2026-07-06
2671,PAS Giannina,GR1,1,0.0,-4.0,2026-07-06
2672,APO Levadiakos Football Club,GR1,34,1.7941176470588236,0.6764705882352942,2026-07-06
2687,Cádiz CF,ES1,2,1.5,0.5,2026-07-06
2696,PFK Krylya Sovetov Samara,RU1,40,1.25,-0.425,2026-07-06
2697,Sanfrecce Hiroshima,JAP1,12,1.8333333333333333,0.4166666666666667,2026-07-06
2698,FC Rubin Kazan,RU1,37,1.3243243243243243,-0.1891891891891892,2026-07-06
2700,Anzhi Makhachkala ( -2022),RU1,0,,,2026-07-06
2703,Spartak Vladikavkaz (-2020),RU1,0,,,2026-07-06
2715,RFC Seraing,BE1,0,,,2026-07-06
2719,Mjällby Almänna Idrottsförening,SE1,26,2.1923076923076925,0.9615384615384616,2026-07-06
2722,SPAL,IT1,0,,,2026-07-06
2727,Oud-Heverlee Leuven,BE1,40,1.0,-0.475,2026-07-06
2740,Vorskla Poltava,UKR1,1,0.0,-1.0,2026-07-06
2741,FK Baltika,RU1,38,1.4473684210526316,0.42105263157894735,2026-07-06
2759,Ross County FC,SC1,2,1.5,0.5,2026-07-06
2760,Partick Thistle FC,SC1,4,2.25,1.0,2026-07-06
2761,FK Haugesund,NO1,18,0.3888888888888889,-1.7222222222222223,2026-07-06
2778,FC Nordsjaelland,DK1,26,1.5384615384615385,-0.038461538461538464,2026-07-06
2783,Metalurg Donetsk (- 2015),UKR1,0,,,2026-07-06
2790,FC Lugano,C1,42,1.6904761904761905,0.30952380952380953,2026-07-06
2817,Strømsgodset IF,NO1,18,0.7777777777777778,-1.2777777777777777,2026-07-06
2832,Gaziantep FK,TR1,34,1.088235294117647,-0.4411764705882353,2026-07-06
2844,IFK Norrköping,SE1,17,0.8235294117647058,-0.8235294117647058,2026-07-06
2861,KV Oostende,BE1,0,,,2026-07-06
2919,AC Monza,IT1,1,0.0,-1.0,2026-07-06
2921,Delfino Pescara 1936,IT1,2,1.5,-0.5,2026-07-06
2944,Ankaraspor,TR1,0,,,2026-07-06
2969,Dijon FCO,FR1,0,,,2026-07-06
2990,Académica Coimbra,PO1,0,,,2026-07-06
2995,FC Paços de Ferreira,PO1,0,,,2026-07-06
2996,Incheon United Football Club,RSK1,16,1.3125,0.1875,2026-07-06
2999,Hamilton Academical FC,SC1,1,0.0,-4.0,2026-07-06
3008,Hull City,GB1,3,1.0,-1.6666666666666667,2026-07-06
3057,Standard Liège,BE1,40,1.425,-0.05,2026-07-06
3060,APS Atromitos Athinon,GR1,31,1.1612903225806452,-0.0967741935483871,2026-07-06
3062,Athens Kallithea,GR1,5,1.2,-0.2,2026-07-06
3137,FK TSC Backa Topola,SER1,30,1.1333333333333333,-0.3,2026-07-06
3205,Kayserispor,TR1,34,0.8823529411764706,-1.0294117647058822,2026-07-06
3209,Pendikspor,TR1,0,,,2026-07-06
3216,Mersin Talimyurdu SK,TR1,0,,,2026-07-06
3268,Casa Pia AC,PO1,34,0.8823529411764706,-0.7647058823529411,2026-07-06
3302,UD Almería,ES1,2,1.5,0.5,2026-07-06
3325,GD Chaves,PO1,0,,,2026-07-06
3327,FC Penafiel,PO1,0,,,2026-07-06
3329,FC Famalicão,PO1,34,1.6470588235294117,0.38235294117647056,2026-07-06
3336,Desportivo Aves (- 2020),PO1,0,,,2026-07-06
3349,CD Feirense,PO1,0,,,2026-07-06
3368,Levante UD,ES1,41,1.170731707317073,-0.3170731707317073,2026-07-06
3385,Panserraikos Serres,GR1,27,0.6296296296296297,-1.4814814814814814,2026-07-06
3426,Esbjerg fB,DK1,6,2.0,0.16666666666666666,2026-07-06
3508,Zulte Waregem,BE1,36,1.3333333333333333,0.0,2026-07-06
3522,Spezia Calcio,IT1,2,1.5,0.5,2026-07-06
3524,Clermont Foot 63,FR1,0,,,2026-07-06
3527,Motor Lublin Spółka Akcyjna,PL1,34,1.2647058823529411,-0.20588235294117646,2026-07-06
3535,Ulsan Hyundai Football Club,RSK1,29,1.206896551724138,-0.3103448275862069,2026-07-06
3551,Sportclub Rheindorf Altach,A1,32,1.3125,-0.09375,2026-07-06
3558,GFC Ajaccio,FR1,0,,,2026-07-06
3592,Kryvbas Kryvyi Rig,UKR1,32,1.59375,0.21875,2026-07-06
3609,Rotor Volgograd,RU1,1,0.0,-1.0,2026-07-06
3622,IFK Värnamo,SE1,16,0.75,-1.1875,2026-07-06
3631,CF América,MEX1,17,1.4705882352941178,0.17647058823529413,2026-07-06
3641,Degerfors IF,SE1,28,0.9642857142857143,-0.5714285714285714,2026-07-06
3654,Kalmar Fotbollförening,SE1,11,1.1818181818181819,-0.09090909090909091,2026-07-06
3690,SKA Khabarovsk,RU1,1,0.0,-3.0,2026-07-06
3691,Tom Tomsk,RU1,0,,,2026-07-06
3709,Getafe CF,ES1,41,1.3902439024390243,0.0975609756097561,2026-07-06
3711,CD Cruz Azul,MEX1,17,1.9411764705882353,0.7647058823529411,2026-07-06
3714,Enisey Krasnoyarsk,RU1,2,1.5,-0.5,2026-07-06
3719,FC Khimki (-2025),RU1,0,,,2026-07-06
3725,RFK Akhmat Grozny,RU1,36,1.1111111111111112,-0.19444444444444445,2026-07-06
3729,Arsenal Tula,RU1,5,2.4,1.0,2026-07-06
3734,Tokyo Verdy,JAP1,12,0.9166666666666666,-0.9166666666666666,2026-07-06
3828,Yokohama Marinos,JAP1,9,1.6666666666666667,0.8888888888888888,2026-07-06
3837,Fredrikstad Fotballklubb,NO1,32,1.21875,-0.25,2026-07-06
3840,Adana Demirspor,TR1,0,,,2026-07-06
3876,Mirasol Futebol Clube,BRA1,44,1.5,0.29545454545454547,2026-07-06
3901,RAAL La Louvière,BE1,36,0.9444444444444444,-0.4166666666666667,2026-07-06
3911,Stade Brestois 29,FR1,34,1.1470588235294117,-0.35294117647058826,2026-07-06
3938,Club Atlético Talleres,ARG1,16,1.625,0.25,2026-07-06
3948,Union Saint-Gilloise,BE1,49,1.9387755102040816,0.5918367346938775,2026-07-06
3958,Rakuten Vissel Kobe,JAP1,12,1.5,0.16666666666666666,2026-07-06
3999,PAS Lamia 1964,GR1,0,,,2026-07-06
4000,Lechia Gdansk,PL1,34,1.2647058823529411,-0.08823529411764706,2026-07-06
4035,CF Pachuca,MEX1,17,1.8235294117647058,0.35294117647058826,2026-07-06
4078,Club de Foot Montréal,MLS1,28,1.0,-0.5714285714285714,2026-07-06
4083,FC Crotone,IT1,0,,,2026-07-06
4102,AC Carpi,IT1,0,,,2026-07-06
4128,Amkar Perm,RU1,1,0.0,-2.0,2026-07-06
4171,Benevento Calcio,IT1,0,,,2026-07-06
4172,Pisa Sporting Club,IT1,40,0.525,-1.125,2026-07-06
4284,Sporting Kansas City,MLS1,27,0.5925925925925926,-1.5185185185185186,2026-07-06
4291,Portland Timbers,MLS1,29,0.9655172413793104,-0.4827586206896552,2026-07-06
4294,SC Farense,PO1,0,,,2026-07-06
4309,Hamarkameratene,NO1,28,1.4642857142857142,0.17857142857142858,2026-07-06
4441,Wolfsberger AC,A1,36,1.25,-0.08333333333333333,2026-07-06
4467,TSV Hartberg,A1,32,1.3125,0.0,2026-07-06
4482,Volyn Lutsk,UKR1,0,,,2026-07-06
4603,Athlitiki Enosi Larisas,GR1,31,0.8709677419354839,-0.6774193548387096,2026-07-06
4633,FK Novi Pazar,SER1,32,1.46875,-0.0625,2026-07-06
4645,FK Radnicki 1923 Kragujevac,SER1,32,1.15625,-0.1875,2026-07-06
4750,SC Olhanense,PO1,0,,,2026-07-06
4795,FC Ingolstadt 04,L1,0,,,2026-07-06
4941,Club León FC,MEX1,17,1.2941176470588236,-0.5882352941176471,2026-07-06
4959,SC Otelul Galati,RO1,30,1.3666666666666667,0.23333333333333334,2026-07-06
4961,Querétaro FC,MEX1,17,1.1764705882352942,-0.23529411764705882,2026-07-06
5202,Västerås Sportklubb FK,SE1,11,1.3636363636363635,-0.2727272727272727,2026-07-06
5219,AOK Kerkyra,GR1,0,,,2026-07-06
5220,GS Ergotelis,GR1,0,,,2026-07-06
5358,SD Huesca,ES1,3,2.0,1.0,2026-07-06
5544,1.FC Slovacko,TS1,30,0.7666666666666667,-0.6333333333333333,2026-07-06
5545,FC Zlin,TS1,30,1.1333333333333333,-0.36666666666666664,2026-07-06
5546,FK Mlada Boleslav,TS1,30,1.1666666666666667,-0.26666666666666666,2026-07-06
5551,Newcastle United Jets,AUS1,26,1.8461538461538463,0.6153846153846154,2026-07-06
5572,Niki Volou,GR1,1,0.0,-1.0,2026-07-06
5619,Aalesunds Fotballklubb,NO1,11,1.0,-0.45454545454545453,2026-07-06
5662,Puebla FC,MEX1,17,0.7647058823529411,-0.7647058823529411,2026-07-06
5689,Cracovia,PL1,34,1.2352941176470589,-0.08823529411764706,2026-07-06
5724,Randers FC,DK1,24,1.2083333333333333,-0.25,2026-07-06
5776,FC Fredericia,DK1,25,1.2,-0.72,2026-07-06
5817,Sönderjyske Fodbold,DK1,25,1.68,0.64,2026-07-06
5818,Hobro IK,DK1,4,2.25,0.75,2026-07-06
6070,Al-Khaleej Club (Saihat),SA1,34,1.088235294117647,-0.23529411764705882,2026-07-06
6107,Morski Związkowy Klub Sportowy Arka Gdynia Spółka Akcyjna,PL1,34,1.0588235294117647,-0.7941176470588235,2026-07-06
6110,Korona Kielce,PL1,34,1.2647058823529411,0.0,2026-07-06
6112,Piast Gliwice,PL1,34,1.2058823529411764,-0.11764705882352941,2026-07-06
6195,SSC Napoli,IT1,50,1.86,0.4,2026-07-06
6321,Vancouver Whitecaps FC,MLS1,28,2.0357142857142856,1.3214285714285714,2026-07-06
6399,Sandefjord Fotball,NO1,30,1.4666666666666666,0.2,2026-07-06
6414,Metalist Kharkiv (- 2016),UKR1,0,,,2026-07-06
6418,Panetolikos Agrinio,GR1,32,1.03125,-0.4375,2026-07-06
6429,FC Universitatea Cluj,RO1,32,1.71875,0.625,2026-07-06
6456,GKS GieKSa Katowice Spółka Akcyjna,PL1,34,1.4705882352941178,0.17647058823529413,2026-07-06
6495,Atlético Bucaramanga,COL1,20,1.85,0.55,2026-07-06
6499,Foundation Coorperation Hana Financial Group Inc. Football Club,RSK1,28,1.25,0.14285714285714285,2026-07-06
6500,Football Club Seoul,RSK1,25,1.84,0.52,2026-07-06
6502,Jeonbuk Hyundai Motors,RSK1,28,1.6071428571428572,0.42857142857142855,2026-07-06
6504,Daegu FC,RSK1,10,1.7,0.4,2026-07-06
6505,Gimcheon Sangmu Football Club,RSK1,29,1.2758620689655173,0.034482758620689655,2026-07-06
6574,US Sassuolo,IT1,40,1.3,-0.15,2026-07-06
6600,Sport Club Internacional,BRA1,44,1.2272727272727273,-0.18181818181818182,2026-07-06
6621,FK Cukaricki,SER1,30,1.3333333333333333,-0.03333333333333333,2026-07-06
6622,FK Mladost Lucani,SER1,30,1.0666666666666667,-0.7666666666666667,2026-07-06
6631,Tokyo Football Club,JAP1,14,1.6428571428571428,0.07142857142857142,2026-07-06
6632,Hitachi Kashiwa Reysol,JAP1,14,2.142857142857143,1.0714285714285714,2026-07-06
6643,Real Salt Lake,MLS1,29,1.6551724137931034,0.10344827586206896,2026-07-06
6646,Fatih Karagümrük,TR1,34,0.8823529411764706,-0.6764705882352942,2026-07-06
6676,A.G.S Asteras Tripolis,GR1,31,0.6774193548387096,-0.5806451612903226,2026-07-06
6711,Deportivo Guadalajara,MEX1,17,2.1176470588235294,0.9411764705882353,2026-07-06
6890,Basaksehir FK,TR1,40,1.675,0.675,2026-07-06
6894,Kayseri Erciyesspor,TR1,0,,,2026-07-06
6912,FC Vizela,PO1,0,,,2026-07-06
6954,Central Coast Mariners,AUS1,26,1.2307692307692308,-0.2692307692307692,2026-07-06
6984,Once Caldas,COL1,20,1.35,-0.15,2026-07-06
6992,Chornomorets Odesa,UKR1,2,1.5,-0.5,2026-07-06
6993,FK Mariupol,UKR1,0,,,2026-07-06
6994,Metalurg Zaporizhya (-2016),UKR1,0,,,2026-07-06
6996,Goverla Uzhgorod (- 2016),UKR1,0,,,2026-07-06
7006,Melbourne Victory,AUS1,26,1.5384615384615385,0.4230769230769231,2026-07-06
7009,Göteborgs Atlet- och Idrottssällskap,SE1,28,1.6428571428571428,0.4642857142857143,2026-07-06
7055,Tigres UANL,MEX1,17,1.4705882352941178,0.5882352941176471,2026-07-06
7097,Club Atlético Unión,ARG1,16,1.3125,0.25,2026-07-06
7136,Envigado FC,COL1,20,1.0,-0.2,2026-07-06
7154,Radomiak Radom,PL1,34,1.2941176470588236,-0.029411764705882353,2026-07-06
7160,Eyüpspor,TR1,34,0.9705882352941176,-0.4411764705882353,2026-07-06
7179,CD Tondela,PO1,35,0.8,-0.8857142857142857,2026-07-06
7185,Panthrakikos Komotini,GR1,0,,,2026-07-06
7378,Portimonense SC,PO1,0,,,2026-07-06
7567,FK Radnicki Nis,SER1,30,1.1,-0.2,2026-07-06
7633,UNAM Pumas,MEX1,17,2.1176470588235294,1.0,2026-07-06
7732,Al-Ettifaq Football Club,SA1,34,1.4705882352941178,-0.11764705882352941,2026-07-06
7769,CFR Cluj,RO1,38,1.6842105263157894,0.15789473684210525,2026-07-06
7775,Hatayspor,TR1,0,,,2026-07-06
7831,Brisbane Roar,AUS1,26,1.0,-0.34615384615384615,2026-07-06
7945,IK Sirius,SE1,28,1.9642857142857142,0.7857142857142857,2026-07-06
8023,Al-Ittihad Football Club,SA1,34,1.6176470588235294,0.20588235294117646,2026-07-06
8024,FC Arouca,PO1,34,1.2352941176470589,-0.5,2026-07-06
8054,Sydney FC,AUS1,26,1.5,0.3076923076923077,2026-07-06
8172,Atlético Nacional,COL1,20,1.85,0.7,2026-07-06
8344,Albirex Niigata,JAP1,13,0.38461538461538464,-1.0769230769230769,2026-07-06
8445,Wellington Phoenix,AUS1,26,1.2692307692307692,-0.46153846153846156,2026-07-06
8457,Shonan Bellmare,JAP1,13,0.6923076923076923,-0.5384615384615384,2026-07-06
8590,Atlas Guadalajara,MEX1,17,1.5294117647058822,-0.11764705882352941,2026-07-06
8718,Sport Club do Recife,BRA1,27,0.5185185185185185,-1.2592592592592593,2026-07-06
8793,Red Bull Bragantino,BRA1,44,1.2272727272727273,-0.20454545454545456,2026-07-06
8816,FC Dallas,MLS1,29,1.6551724137931034,0.5172413793103449,2026-07-06
8818,FC Botosani,RO1,30,1.4,0.26666666666666666,2026-07-06
8819,FK Javor-Matis Ivanjica,SER1,30,1.1333333333333333,-0.3333333333333333,2026-07-06
8838,Zirka Kropyvnytskyi,UKR1,0,,,2026-07-06
8970,Frosinone Calcio,IT1,2,1.5,-1.0,2026-07-06
9007,Arsenal Kyiv,UKR1,0,,,2026-07-06
9010,FCV Dender EH,BE1,36,0.6944444444444444,-0.8611111111111112,2026-07-06
9131,Al-Hazem Sport Club,SA1,34,1.2352941176470589,-0.5588235294117647,2026-07-06
9168,Houston Dynamo,MLS1,28,1.2857142857142858,-0.39285714285714285,2026-07-06
9465,Petrolul Ploiesti,RO1,30,1.0666666666666667,-0.23333333333333334,2026-07-06
9597,Avispa Fukuoka,JAP1,14,1.2857142857142858,0.14285714285714285,2026-07-06
9598,Kawasaki Frontale,JAP1,13,1.0,-0.6153846153846154,2026-07-06
9636,Seattle Sounders FC,MLS1,28,1.7857142857142858,0.5,2026-07-06
9644,Raków Częstochowa,PL1,48,1.75,0.5,2026-07-06
9811,Deportivo Pereira,COL1,20,0.9,-0.85,2026-07-06
9840,Al-Shabab Club,SA1,34,1.0294117647058822,-0.38235294117647056,2026-07-06
9961,Deportivo Cali,COL1,20,1.05,-0.3,2026-07-06
10004,Paris FC,FR1,34,1.2941176470588236,-0.08823529411764706,2026-07-06
10010,Esporte Clube Bahia,BRA1,43,1.5116279069767442,0.06976744186046512,2026-07-06
10090,Asociación Deportivo Pasto,COL1,20,0.95,-0.1,2026-07-06
10093,Independiente Medellín,COL1,20,2.0,0.9,2026-07-06
10217,Sarpsborg 08 Fotballforening,NO1,30,1.2666666666666666,-0.4,2026-07-06
10484,Kasimpasa,TR1,34,1.0294117647058822,-0.47058823529411764,2026-07-06
10492,Esporte Clube Juventude,BRA1,27,1.0,-0.6666666666666666,2026-07-06
10503,Deportes Tolima,COL1,20,1.9,0.6,2026-07-06
10511,CA San Martín (San Juan),ARG1,0,,,2026-07-06
10690,Zorya Lugansk,UKR1,31,1.4838709677419355,0.16129032258064516,2026-07-06
10870,Fortaleza Esporte Clube,BRA1,26,1.2692307692307692,-0.34615384615384615,2026-07-06
10997,Clube do Remo,BRA1,18,1.0,-0.4444444444444444,2026-07-06
11126,Mordovia Saransk (-2020),RU1,0,,,2026-07-06
11127,Ural Yekaterinburg,RU1,2,1.5,0.0,2026-07-06
11141,Toronto FC,MLS1,28,1.0357142857142858,-0.32142857142857145,2026-07-06
11194,NK Lokomotiva Zagreb,KR1,36,1.2222222222222223,-0.3333333333333333,2026-07-06
11282,Alanyaspor,TR1,34,1.088235294117647,0.0,2026-07-06
11380,ASFC Buzau (2016-2025),RO1,0,,,2026-07-06
11648,Independiente Santa Fe,COL1,20,1.55,0.2,2026-07-06
11688,Giresunspor,TR1,0,,,2026-07-06
11831,Club Atlético Tigre,ARG1,16,1.25,0.1875,2026-07-06
11854,Junior FC,COL1,20,1.75,0.5,2026-07-06
12179,Club Sportivo Independiente Rivadavia,ARG1,16,2.125,0.875,2026-07-06
12301,Club Atlético Aldosivi,ARG1,16,0.5,-0.8125,2026-07-06
12321,Girona FC,ES1,40,1.1,-0.4,2026-07-06
12438,Volga Nizhniy Novgorod (- 2016),RU1,0,,,2026-07-06
12454,Club Atlético Sarmiento,ARG1,16,1.1875,-0.4375,2026-07-06
12574,CD Godoy Cruz Antonio Tomba,ARG1,0,,,2026-07-06
13353,Club Tijuana,MEX1,17,1.3529411764705883,0.11764705882352941,2026-07-06
13726,MFK Karvina,TS1,30,1.3,-0.26666666666666666,2026-07-06
14171,Thonon Évian Grand Genève FC,FR1,0,,,2026-07-06
14554,Club Atlético Tucumán,ARG1,16,0.875,-0.3125,2026-07-06
14589,FC Orenburg,RU1,39,0.9743589743589743,-0.7435897435897436,2026-07-06
14602,Asociación Atlética Estudiantes,ARG1,16,0.3125,-1.1875,2026-07-06
14649,Boyacá Chicó FC,COL1,20,0.8,-0.75,2026-07-06
14680,Unión Magdalena,COL1,20,1.05,-0.5,2026-07-06
14687,Club Atlético Gimnasia y Esgrima de Mendoza,ARG1,16,1.1875,-0.5,2026-07-06
15276,FK Spartak Subotica,SER1,30,0.7,-0.7,2026-07-06
15906,Termalica Bruk-Bet Nieciecza Klub Sportowy,PL1,34,1.0,-0.6470588235294118,2026-07-06
16239,Desna Chernigiv,UKR1,0,,,2026-07-06
16245,FK Sevastopol (- 2014),UKR1,0,,,2026-07-06
16247,PFK Stal Kamyanske (-2018),UKR1,0,,,2026-07-06
16704,FK Krasnodar,RU1,43,2.186046511627907,1.302325581395349,2026-07-06
16795,Granada CF,ES1,3,2.0,1.0,2026-07-06
17209,Al-Wehda FC,SA1,0,,,2026-07-06
17425,Internacional de Bogotá,COL1,20,0.7,-0.75,2026-07-06
17776,Associação Chapecoense de Futebol,BRA1,17,0.5294117647058824,-0.9411764705882353,2026-07-06
18105,PFK Lviv,UKR1,0,,,2026-07-06
18303,FC Oleksandriya,UKR1,33,0.5151515151515151,-1.2424242424242424,2026-07-06
18487,Al-Ahli Saudi Football Club,SA1,34,2.3823529411764706,1.3529411764705883,2026-07-06
18544,Al-Nassr Football Club,SA1,34,2.5294117647058822,1.8529411764705883,2026-07-06
19657,Vendsyssel FF,DK1,1,0.0,-1.0,2026-07-06
19684,Jeju SK Football Club,RSK1,25,1.08,-0.24,2026-07-06
19771,Akhisarspor,TR1,0,,,2026-07-06
19775,Asociación de Fomento Deportivo Riestra Barrio Colón,ARG1,16,0.6875,-0.4375,2026-07-06
19789,Yeni Malatyaspor,TR1,0,,,2026-07-06
20100,FC Vestsjaelland,DK1,0,,,2026-07-06
20590,Rionegro Águilas,COL1,20,1.35,0.1,2026-07-06
20698,Balikesirspor,TR1,0,,,2026-07-06
20887,FK Jedinstvo Ub,SER1,0,,,2026-07-06
21101,Kristiansund Ballklubb,NO1,27,1.0,-1.1111111111111112,2026-07-06
21459,Gangwon Football Club,RSK1,26,1.7692307692307692,0.5384615384615384,2026-07-06
21957,AO Platanias,GR1,0,,,2026-07-06
21975,Football Club Mito HollyHock,JAP1,0,,,2026-07-06
22110,FC Helsingör,DK1,1,0.0,-1.0,2026-07-06
22171,Fagiano Okayama Sports Club,JAP1,14,1.0714285714285714,-0.42857142857142855,2026-07-06
22381,Al-Raed SFC,SA1,0,,,2026-07-06
22431,Stal Mielec,PL1,0,,,2026-07-06
22902,Alianza FC,COL1,20,1.45,0.1,2026-07-06
23184,KFUM-Kameratene Oslo,NO1,30,1.2,-0.03333333333333333,2026-07-06
23568,Zelvia,JAP1,11,1.6363636363636365,0.5454545454545454,2026-07-06
23581,V-Varen Nagasaki,JAP1,0,,,2026-07-06
23611,Olimpik Donetsk,UKR1,0,,,2026-07-06
23826,RB Leipzig,L1,38,1.9473684210526316,0.631578947368421,2026-07-06
24245,Ümraniyespor,TR1,0,,,2026-07-06
24575,HNK Gorica,KR1,36,1.1388888888888888,-0.2222222222222222,2026-07-06
25184,Club Atlético Barracas Central,ARG1,16,1.3125,0.0,2026-07-06
25467,Philadelphia Union,MLS1,29,1.1379310344827587,-0.1724137931034483,2026-07-06
25580,Melbourne City FC,AUS1,26,1.4615384615384615,0.0,2026-07-06
26069,Al-Qadsiah Saudi Football Club,SA1,34,2.264705882352941,1.4411764705882353,2026-07-06
26459,NK Veres Rivne,UKR1,32,1.0625,-0.34375,2026-07-06
27221,Al-Fateh Club,SA1,34,1.088235294117647,-0.4117647058823529,2026-07-06
28095,FK Ufa,RU1,3,2.0,1.0,2026-07-06
28643,SK Beveren,BE1,0,,,2026-07-06
28760,SK Austria Klagenfurt,A1,0,,,2026-07-06
28844,Al-Taawoun Football Club,SA1,34,1.5588235294117647,0.38235294117647056,2026-07-06
28893,Puszcza Niepolomice,PL1,0,,,2026-07-06
28956,AEL Kalloni,GR1,0,,,2026-07-06
29228,Royal Excel Mouscron (-2022),BE1,0,,,2026-07-06
29700,AFC Unirea 04 Slobozia,RO1,30,0.8333333333333334,-0.6333333333333333,2026-07-06
29831,FCV Farul Constanta,RO1,30,1.2333333333333334,0.06666666666666667,2026-07-06
30120,Athlitiki Enosi Kifisias,GR1,33,1.1515151515151516,-0.30303030303030304,2026-07-06
30925,Gwangju Football Club,RSK1,28,0.8928571428571429,-1.0357142857142858,2026-07-06
31008,Al-Riyadh Saudi Club,SA1,34,0.8823529411764706,-0.8235294117647058,2026-07-06
31284,Club Atlético Central Córdoba,ARG1,16,1.0,-0.625,2026-07-06
31622,Suwon FC,RSK1,13,1.4615384615384615,0.07692307692307693,2026-07-06
32041,Fortaleza CEIF,COL1,20,1.75,0.3,2026-07-06
32113,FK IMT Belgrad,SER1,30,1.2333333333333334,-0.4666666666666667,2026-07-06
32328,Al-Najma Sport Club,SA1,34,0.47058823529411764,-1.2941176470588236,2026-07-06
33328,FK Radnik Surdulica,SER1,30,1.3,0.06666666666666667,2026-07-06
33966,ACSM Politehnica Iasi,RO1,0,,,2026-07-06
34911,Neom Sports Club,SA1,34,1.3235294117647058,-0.14705882352941177,2026-07-06
35759,Bucheon Football Club 1995,RSK1,16,1.125,-0.25,2026-07-06
36100,Western Sydney Wanderers,AUS1,26,0.8076923076923077,-0.6153846153846154,2026-07-06
36922,FK Tekstilac Odzaci,SER1,0,,,2026-07-06
37255,FK Csikszereda Miercurea Ciuc,RO1,30,1.0666666666666667,-0.9333333333333333,2026-07-06
37624,FC Metaloglobus Bucharest,RO1,30,0.4,-1.3666666666666667,2026-07-06
38628,Llaneros FC,COL1,20,1.25,-0.4,2026-07-06
38898,Football Club Anyang,RSK1,23,1.3478260869565217,0.08695652173913043,2026-07-06
39097,Obolon Kyiv,UKR1,31,1.0,-0.7419354838709677,2026-07-06
39536,Al-Orobah FC,SA1,0,,,2026-07-06
39722,Erzurumspor FK,TR1,0,,,2026-07-06
40058,New York City Football Club,MLS1,29,1.5172413793103448,0.1724137931034483,2026-07-06
40188,Atlético de San Luis,MEX1,17,1.0588235294117647,-0.17647058823529413,2026-07-06
40426,FC Tosno (-2018),RU1,0,,,2026-07-06
40812,Universitatea Craiova,RO1,42,1.880952380952381,0.7619047619047619,2026-07-06
41201,PFK Tambov (-2021),RU1,0,,,2026-07-06
41231,FK Sochi,RU1,36,0.6944444444444444,-1.1111111111111112,2026-07-06
41274,Beerschot VA,BE1,0,,,2026-07-06
41278,ACSC FC Arges,RO1,30,1.6666666666666667,0.3,2026-07-06
44006,Bodrum FK,TR1,0,,,2026-07-06
45604,Orlando City Soccer Club,MLS1,29,1.1724137931034482,-0.6896551724137931,2026-07-06
48332,Kolos Kovalivka,UKR1,31,1.5806451612903225,0.0967741935483871,2026-07-06
48726,Rukh Lviv,UKR1,33,0.8181818181818182,-0.8484848484848485,2026-07-06
49283,FC Juárez,MEX1,17,1.1176470588235294,-0.35294117647058826,2026-07-06
49364,Ingulets Petrove,UKR1,4,2.25,0.75,2026-07-06
49702,FK Nizhny Novgorod,RU1,36,0.7222222222222222,-0.9166666666666666,2026-07-06
50531,Al-Fayha FC,SA1,34,1.1176470588235294,-0.38235294117647056,2026-07-06
50532,Damac Football Club,SA1,34,0.8529411764705882,-0.6764705882352942,2026-07-06
51663,Atlanta United Football Club,MLS1,29,0.7586206896551724,-0.6551724137931034,2026-07-06
51772,Football Club Cincinnati,MLS1,29,1.5862068965517242,0.20689655172413793,2026-07-06
51828,Los Angeles Football Club,MLS1,32,1.8125,0.8125,2026-07-06
53646,FK Polissya Zhytomyr,UKR1,37,1.7567567567567568,0.7297297297297297,2026-07-06
54189,RWD Molenbeek,BE1,0,,,2026-07-06
54585,Sepsi OSK Sf. Gheorghe,RO1,0,,,2026-07-06
55686,TOV FK Metalist 1925 Kharkiv,UKR1,35,1.8,0.7142857142857143,2026-07-06
56089,Minnesota United FC,MLS1,28,1.5357142857142858,0.07142857142857142,2026-07-06
58049,FC Hermannstadt,RO1,30,0.7666666666666667,-0.7,2026-07-06
59358,FK Zeleznicar Pancevo,SER1,30,1.7,0.4,2026-07-06
60551,SC Dnipro-1,UKR1,0,,,2026-07-06
60949,Volou Neos Podosferikos Syllogos,GR1,32,1.28125,-0.1875,2026-07-06
61825,FC Minaj,UKR1,0,,,2026-07-06
63007,LNZ Cherkasy,UKR1,34,2.0294117647058822,0.7352941176470589,2026-07-06
63966,Nashville SC,MLS1,28,1.75,0.7142857142857143,2026-07-06
68608,CF Os Belenenses,PO1,0,,,2026-07-06
69261,Club Internacional de Fútbol Miami,MLS1,33,2.0303030303030303,0.8484848484848485,2026-07-06
71084,Western United FC,AUS1,0,,,2026-07-06
71085,Macarthur FC,AUS1,26,1.3076923076923077,-0.2692307692307692,2026-07-06
71665,Al-Okhdood Club,SA1,34,0.5882352941176471,-1.2647058823529411,2026-07-06
71985,Akron Togliatti,RU1,36,0.9166666666666666,-0.6666666666666666,2026-07-06
72309,Austin FC,MLS1,29,1.206896551724138,-0.41379310344827586,2026-07-06
75231,Dinamo Makhachkala,RU1,40,1.175,-0.325,2026-07-06
78435,Charlotte Football Club,MLS1,29,1.896551724137931,0.41379310344827586,2026-07-06
81401,SC Poltava,UKR1,32,0.5,-1.5625,2026-07-06
82686,St. Louis City Soccer Club,MLS1,28,1.1785714285714286,-0.21428571428571427,2026-07-06
82696,Mazatlán FC,MEX1,17,0.8823529411764706,-0.8823529411764706,2026-07-06
83678,Metalist Kharkiv,UKR1,2,1.5,0.0,2026-07-06
84122,Epicentr Kamyanets-Podilskyi,UKR1,31,1.032258064516129,-0.3225806451612903,2026-07-06
85465,Karpaty Lviv,UKR1,32,1.375,0.5,2026-07-06
86209,Livyi Bereg Kyiv,UKR1,2,1.5,1.0,2026-07-06
87883,FC Kudrivka,UKR1,31,0.9032258064516129,-0.6129032258064516,2026-07-06
91427,Al-Kholood Club,SA1,34,0.9705882352941176,-0.6470588235294118,2026-07-06
110302,Avs Futebol,PO1,34,0.6176470588235294,-1.1764705882352942,2026-07-06
114977,San Diego Football Club,MLS1,29,1.4137931034482758,0.3448275862068966,2026-07-06
118373,Auckland FC,AUS1,26,1.6153846153846154,0.5,2026-07-06
