player_id,name,primary_position,primary_starts,secondary_position,secondary_starts,total_starts,position_confidence,unknown_starts,position_history
19030,M. O'Riley,CAM,2,,0,2,100.0,0,CAM:2
319517,A. Milambo,CAM,1,,0,1,100.0,0,CAM:1
311334,F. Buonanotte,CAM,1,,0,1,100.0,0,CAM:1
19035,H. Elliott,CAM,1,,0,1,100.0,0,CAM:1
792,J. Kluivert,CAM,10,,0,10,100.0,0,CAM:10
1468,E. Nketiah,CAM,2,,0,2,100.0,0,CAM:2
442044,M. Dowman,CAM,1,,0,1,100.0,0,CAM:1
1161,E. Smith Rowe,CAM,21,LW,1,22,95.5,0,CAM:21 | LW:1
389315,J. King,CAM,14,ST,1,15,93.3,0,CAM:14 | ST:1
2218,I. Sarr,CAM,22,RW,2,24,91.7,0,CAM:22 | RW:2
148099,K. Dewsbury-Hall,CAM,27,CDM,2,30,90.0,0,CAM:27 | CDM:2 | LW:1
301187,Pablo,CAM,9,LW,1,10,90.0,0,CAM:9 | LW:1
19220,M. Mount,CAM,10,CDM,2,12,83.3,0,CAM:10 | CDM:2
184226,Y. Pino,CAM,21,LW,3,26,80.8,0,CAM:21 | LW:3 | ST:1 | LM:1
15908,M. Damsgaard,CAM,19,CM,3,24,79.2,0,CAM:19 | CM:3 | LM:1 | LW:1
18746,M. Gibbs-White,CAM,27,LM,3,35,77.1,0,CAM:27 | LM:3 | ST:2 | RW:1 | CM:1 | LW:1
368030,E. J. Kroupi,CAM,15,ST,6,21,71.4,0,CAM:15 | ST:6
2287,R. Barkley,CAM,5,CDM,2,7,71.4,0,CAM:5 | CDM:2
195993,C. Alcaraz,CAM,4,RW,1,6,66.7,0,CAM:4 | RW:1 | LW:1
156477,R. Cherki,CAM,12,CM,2,19,63.2,0,CAM:12 | CM:2 | LM:2 | RM:2 | RW:1
456206,M. Mane,CAM,12,CM,6,19,63.2,0,CAM:12 | CM:6 | ST:1
203224,F. Wirtz,CAM,17,LW,6,27,63.0,0,CAM:17 | LW:6 | ST:2 | RW:1 | CM:1
152982,C. Palmer,CAM,15,RW,7,24,62.5,0,CAM:15 | RW:7 | CM:1 | LW:1
328225,B. Gruda,CAM,5,RW,3,8,62.5,0,CAM:5 | RW:3
180560,H. Mejbri,CAM,9,CM,5,15,60.0,0,CAM:9 | CM:5 | RM:1
305730,J. Hinshelwood,CAM,11,CDM,5,20,55.0,0,CAM:11 | CDM:5 | CM:3 | RB:1
347316,L. Bergvall,CAM,6,CM,3,11,54.5,0,CAM:6 | CM:3 | LW:1 | RW:1
37882,M. Edwards,CAM,6,RW,4,11,54.5,0,CAM:6 | RW:4 | RM:1
20589,B. Mbeumo,CAM,16,ST,8,31,51.6,0,CAM:16 | ST:8 | RW:5 | LW:2
19170,M. Rogers,CAM,19,LW,14,37,51.4,0,CAM:19 | LW:14 | ST:3 | RW:1
1485,B. Fernandes,CAM,18,CM,17,35,51.4,0,CAM:18 | CM:17
90590,G. Rutter,CAM,10,ST,9,20,50.0,0,CAM:10 | ST:9 | RW:1
1646,Lucas Paqueta,CAM,9,CM,5,18,50.0,0,CAM:9 | CM:5 | ST:3 | LW:1
19586,E. Eze,CAM,11,CM,7,22,50.0,0,CAM:11 | CM:7 | LW:4
391822,F. Lopez,CAM,1,CM,1,2,50.0,0,CAM:1 | CM:1
158697,J. McAtee,CAM,1,LM,1,2,50.0,0,CAM:1 | LM:1
361485,A. Toth,CAM,1,CDM,1,2,50.0,0,CAM:1 | CDM:1
129711,B. Johnson,CAM,9,LW,4,19,47.4,0,CAM:9 | LW:4 | RW:4 | RWB:1 | RM:1
162016,X. Simons,CAM,9,LW,7,19,47.4,0,CAM:9 | LW:7 | ST:2 | LM:1
286458,J. Devenny,CAM,3,RWB,2,7,42.9,0,CAM:3 | RWB:2 | LW:1 | LWB:1
266657,Savinho,CAM,3,RM,2,7,42.9,0,CAM:3 | RM:2 | LM:2
1096,D. Szoboszlai,CAM,14,RB,8,36,38.9,0,CAM:14 | RB:8 | CDM:6 | RW:6 | CM:1 | ST:1
20638,E. Le Fee,CAM,12,LW,10,33,36.4,0,CAM:12 | LW:10 | LM:4 | CM:4 | CDM:2 | ST:1
47438,M. Jensen,CAM,9,CDM,8,26,34.6,0,CAM:9 | CDM:8 | CM:6 | RW:3
405360,H. Armstrong,CAM,2,LW,2,6,33.3,0,CAM:2 | LW:2 | CM:1 | RW:1
1145,I. Konate,CB,36,,0,36,100.0,0,CB:36
290,V. van Dijk,CB,38,,0,38,100.0,0,CB:38
22136,B. Diakite,CB,15,,0,15,100.0,0,CB:15
6610,M. Senesi,CB,37,,0,37,100.0,0,CB:37
19354,E. Konsa,CB,34,,0,34,100.0,0,CB:34
19179,T. Mings,CB,15,,0,15,100.0,0,CB:15
2806,F. Schar,CB,11,,0,11,100.0,0,CB:11
38695,J. P. van Hecke,CB,36,,0,36,100.0,0,CB:36
18963,L. Dunk,CB,31,,0,31,100.0,0,CB:31
2729,J. Andersen,CB,33,,0,33,100.0,0,CB:33
131,J. Cuenca,CB,11,,0,11,100.0,0,CB:11
2817,N. Milenkovic,CB,37,,0,37,100.0,0,CB:37
363695,Murillo,CB,25,,0,25,100.0,0,CB:25
19495,N. Collins,CB,32,,0,32,100.0,0,CB:32
36922,S. van den Berg,CB,30,,0,30,100.0,0,CB:30
55904,D. Ballard,CB,24,,0,24,100.0,0,CB:24
290545,J. Seelt,CB,1,,0,1,100.0,0,CB:1
138,J. Todibo,CB,22,,0,22,100.0,0,CB:22
18744,M. Kilman,CB,17,,0,17,100.0,0,CB:17
21694,N. Aguerd,CB,2,,0,2,100.0,0,CB:2
30776,C. Romero,CB,22,,0,22,100.0,0,CB:22
47903,H. Ekdal,CB,17,,0,17,100.0,0,CB:17
179400,M. Esteve,CB,34,,0,34,100.0,0,CB:34
135068,E. Agbadou,CB,12,,0,12,100.0,0,CB:12
41606,Toti,CB,17,,0,17,100.0,0,CB:17
626,J. Stones,CB,5,,0,5,100.0,0,CB:5
567,R. Dias,CB,24,,0,24,100.0,0,CB:24
126949,C. Richards,CB,31,,0,31,100.0,0,CB:31
20995,M. Lacroix,CB,35,,0,35,100.0,0,CB:35
67971,M. Guehi,CB,35,,0,35,100.0,0,CB:35
342970,L. Yoro,CB,18,,0,18,100.0,0,CB:18
532,M. de Ligt,CB,13,,0,13,100.0,0,CB:13
22090,W. Saliba,CB,30,,0,30,100.0,0,CB:30
22224,Gabriel,CB,30,,0,30,100.0,0,CB:30
19321,J. Rodon,CB,33,,0,33,100.0,0,CB:33
64003,P. Struijk,CB,33,,0,33,100.0,0,CB:33
2936,J. Tarkowski,CB,37,,0,37,100.0,0,CB:37
2934,M. Keane,CB,29,,0,29,100.0,0,CB:29
46815,P. Torres,CB,18,,0,18,100.0,0,CB:18
6168,O. Alderete,CB,32,,0,32,100.0,0,CB:32
19145,T. Adarabioyo,CB,8,,0,8,100.0,0,CB:8
38734,S. Botman,CB,21,,0,21,100.0,0,CB:21
1445,K. Mavropanos,CB,27,,0,27,100.0,0,CB:27
135334,S. Bueno,CB,28,,0,28,100.0,0,CB:28
412719,V. Milosavljevic,CB,4,,0,4,100.0,0,CB:4
19789,E. Pinnock,CB,4,,0,4,100.0,0,CB:4
163189,M. Thiaw,CB,33,,0,33,100.0,0,CB:33
2935,H. Maguire,CB,19,,0,19,100.0,0,CB:19
18814,I. Diop,CB,8,,0,8,100.0,0,CB:8
95,B. Badiashile,CB,6,,0,6,100.0,0,CB:6
25287,K. Danso,CB,17,,0,17,100.0,0,CB:17
833,J. Bijol,CB,21,,0,21,100.0,0,CB:21
412759,J. Canvot,CB,14,,0,14,100.0,0,CB:14
7600,Igor,CB,1,,0,1,100.0,0,CB:1
402329,A. Heaven,CB,11,,0,11,100.0,0,CB:11
1746,J. Worrall,CB,5,,0,5,100.0,0,CB:5
342063,D. Coppola,CB,2,,0,2,100.0,0,CB:2
2467,L. Martinez,CB,13,,0,13,100.0,0,CB:13
1408,S. Bornauw,CB,5,,0,5,100.0,0,CB:5
293168,M. Alleyne,CB,2,,0,2,100.0,0,CB:2
278898,C. Riad,CB,6,,0,6,100.0,0,CB:6
162498,R. Dragusin,CB,5,,0,5,100.0,0,CB:5
21998,A. Disasi,CB,14,,0,14,100.0,0,CB:14
276184,M. Sarr,CB,1,,0,1,100.0,0,CB:1
152953,L. Colwill,CB,2,,0,2,100.0,0,CB:2
152849,M. van de Ven,CB,34,LB,1,35,97.1,0,CB:34 | LB:1
19720,T. Chalobah,CB,30,RB,1,31,96.8,0,CB:30 | RB:1
152967,C. Bassey,CB,27,LB,1,28,96.4,0,CB:27 | LB:1
195717,Y. Mosquera,CB,23,RB,1,24,95.8,0,CB:23 | RB:1
22094,W. Fofana,CB,19,RB,1,20,95.0,0,CB:19 | RB:1
67943,Morato,CB,13,LB,1,14,92.9,0,CB:13 | LB:1
19182,A. Tuanzebe,CB,13,RB,1,14,92.9,0,CB:13 | RB:1
20093,J. Hill,CB,20,RB,2,22,90.9,0,CB:20 | RB:2
22160,O. Boscagli,CB,8,LB,1,9,88.9,0,CB:8 | LB:1
129033,J. Gvardiol,CB,14,LB,2,16,87.5,0,CB:14 | LB:2
360114,A. Khusanov,CB,13,RB,2,15,86.7,0,CB:13 | RB:2
362711,Cunha,CB,5,RB,1,6,83.3,0,CB:5 | RB:1
181797,B. Humphreys,CB,14,LWB,2,17,82.4,0,CB:14 | LWB:2 | RB:1
889,V. Lindelof,CB,9,CDM,2,11,81.8,0,CB:9 | CDM:2
66407,L. Krejci,CB,22,CM,4,27,81.5,0,CB:22 | CM:4 | CDM:1
19911,L. O'Nien,CB,4,RB,1,5,80.0,0,CB:4 | RB:1
333682,C. Mosquera,CB,7,RB,2,9,77.8,0,CB:7 | RB:2
1119,K. Ajer,CB,15,LB,5,20,75.0,0,CB:15 | LB:5
17661,J. Branthwaite,CB,5,LB,2,7,71.4,0,CB:5 | LB:2
366735,J. Acheampong,CB,5,RB,3,8,62.5,0,CB:5 | RB:3
341642,J. Hato,CB,7,LB,5,12,58.3,0,CB:7 | LB:5
18961,D. Burn,CB,14,LB,11,25,56.0,0,CB:14 | LB:11
20303,J. Laurent,CB,10,CM,3,18,55.6,0,CB:10 | CM:3 | RWB:2 | CDM:2 | RB:1
18742,M. Doherty,CB,6,RB,3,11,54.5,0,CB:6 | RB:3 | RWB:2
1146,N. Mukiele,CB,16,RB,15,32,50.0,0,CB:16 | RB:15 | RWB:1
18861,N. Ake,CB,3,LB,3,6,50.0,0,CB:3 | LB:3
19760,J. Justin,CB,8,LWB,6,21,38.1,0,CB:8 | LWB:6 | RWB:4 | LB:1 | RM:1 | RB:1
1150,T. Adams,CDM,21,,0,21,100.0,0,CDM:21
2990,I. Gueye,CDM,25,,0,25,100.0,0,CDM:25
1125,R. Christie,CDM,9,,0,9,100.0,0,CDM:9
284322,K. Mainoo,CDM,16,,0,16,100.0,0,CDM:16
19480,H. Reed,CDM,1,,0,1,100.0,0,CDM:1
30407,C. Norgaard,CDM,1,,0,1,100.0,0,CDM:1
292,J. Henderson,CDM,21,CM,1,22,95.5,0,CDM:21 | CM:1
162714,A. Onana,CDM,20,CM,1,21,95.2,0,CDM:20 | CM:1
1934,S. Berge,CDM,32,CM,2,34,94.1,0,CDM:32 | CM:2
284500,T. Iroegbunam,CDM,16,CM,1,17,94.1,0,CDM:16 | CM:1
542,R. Gravenberch,CDM,32,CM,2,34,94.1,0,CDM:32 | CM:2
22149,I. Sangare,CDM,23,CM,2,25,92.0,0,CDM:23 | CM:2
47522,Douglas Luiz,CDM,11,CM,1,12,91.7,0,CDM:11 | CM:1
304853,A. Scott,CDM,31,CM,2,34,91.2,0,CDM:31 | CM:2 | CAM:1
2823,S. Lukic,CDM,18,CM,2,20,90.0,0,CDM:18 | CM:2
18872,L. Cook,CDM,7,RB,1,8,87.5,0,CDM:7 | RB:1
356041,C. Baleba,CDM,20,CM,3,23,87.0,0,CDM:20 | CM:3
25073,V. Janelt,CDM,13,CM,2,15,86.7,0,CDM:13 | CM:2
296,J. Milner,CDM,6,CM,1,7,85.7,0,CDM:6 | CM:1
265820,Y. Ayari,CDM,17,CM,3,20,85.0,0,CDM:17 | CM:3
116117,M. Caicedo,CDM,27,CM,5,32,84.4,0,CDM:27 | CM:5
6716,A. Mac Allister,CDM,26,CAM,4,31,83.9,0,CDM:26 | CAM:4 | CM:1
1904,B. Kamara,CDM,14,CM,3,17,82.4,0,CDM:14 | CM:3
44,Rodri,CDM,14,CM,3,17,82.4,0,CDM:14 | CM:3
138908,E. Anderson,CDM,30,CM,7,37,81.1,0,CDM:30 | CM:7
895,J. Garner,CDM,30,RB,4,38,78.9,0,CDM:30 | RB:4 | LB:3 | CM:1
18970,P. Gross,CDM,14,CM,4,18,77.8,0,CDM:14 | CM:4
305834,Andrey Santos,CDM,10,CM,2,13,76.9,0,CDM:10 | CM:2 | CAM:1
282125,R. Lavia,CDM,3,CM,1,4,75.0,0,CDM:3 | CM:1
863,R. Bentancur,CDM,17,CM,6,23,73.9,0,CDM:17 | CM:6
263538,Y. Yarmolyuk,CDM,22,CM,7,30,73.3,0,CDM:22 | CM:7 | RM:1
284457,L. Bogarde,CDM,8,RB,3,11,72.7,0,CDM:8 | RB:3
2926,Y. Tielemans,CDM,14,CAM,5,21,66.7,0,CDM:14 | CAM:5 | CM:2
19025,T. Cairney,CDM,4,CM,2,6,66.7,0,CDM:4 | CM:2
1464,G. Xhaka,CDM,20,CM,12,32,62.5,0,CDM:20 | CM:12
313245,M. Lewis-Skelly,CDM,3,LB,2,5,60.0,0,CDM:3 | LB:2
365331,N. Sadiki,CDM,18,CM,15,33,54.5,0,CDM:18 | CM:15
747,Casemiro,CDM,18,CM,15,33,54.5,0,CDM:18 | CM:15
326176,S. Magassa,CDM,6,CM,5,11,54.5,0,CDM:6 | CM:5
41104,J. Palhinha,CDM,12,CM,9,23,52.2,0,CDM:12 | CM:9 | CB:2
1455,A. Iwobi,CDM,15,LW,12,29,51.7,0,CDM:15 | LW:12 | CAM:2
68466,A. Irving,CDM,1,CM,1,2,50.0,0,CDM:1 | CM:1
5996,E. Fernandez,CDM,16,CAM,10,35,45.7,0,CDM:16 | CAM:10 | CM:5 | LW:3 | LM:1
328089,A. Gray,CDM,8,CM,4,18,44.4,0,CDM:8 | CM:4 | RWB:3 | RB:2 | LB:1
293,C. Jones,CDM,8,RB,5,18,44.4,0,CDM:8 | RB:5 | CAM:2 | CM:1 | LW:1 | RW:1
2476,G. Rodriguez,CM,2,,0,2,100.0,0,CM:2
288102,A. Wharton,CM,29,,0,29,100.0,0,CM:29
18806,W. Hughes,CM,19,,0,19,100.0,0,CM:19
37127,M. Odegaard,CM,16,,0,16,100.0,0,CM:16
32966,A. Tanaka,CM,14,,0,14,100.0,0,CM:14
18901,S. Longstaff,CM,10,,0,10,100.0,0,CM:10
19305,R. Yates,CM,2,,0,2,100.0,0,CM:2
2291,M. Kovacic,CM,1,,0,1,100.0,0,CM:1
129142,I. Gruev,CM,14,CDM,1,15,93.3,0,CM:14 | CDM:1
723,Joelinton,CM,19,LW,3,23,82.6,0,CM:19 | LW:3 | CDM:1
177665,A. Stach,CM,23,CAM,2,28,82.1,0,CM:23 | CAM:2 | RM:2 | CDM:1
10135,Bruno Guimaraes,CM,22,CDM,5,27,81.5,0,CM:22 | CDM:5
195103,Joao Gomes,CM,26,CDM,6,32,81.2,0,CM:26 | CDM:6
31146,S. Tonali,CM,25,CDM,6,31,80.6,0,CM:25 | CDM:6
36902,T. Reijnders,CM,15,CDM,2,19,78.9,0,CM:15 | CDM:2 | LM:1 | ST:1
2601,D. Kamada,CM,17,CAM,5,22,77.3,0,CM:17 | CAM:5
237129,P. M. Sarr,CM,10,CDM,2,13,76.9,0,CM:10 | CDM:2 | CAM:1
18968,Y. Bissouma,CM,5,CDM,2,7,71.4,0,CM:5 | CDM:2
636,B. Silva,CM,24,CDM,7,34,70.6,0,CM:24 | CDM:7 | RM:3
1463,J. Willock,CM,7,CAM,2,10,70.0,0,CM:7 | CAM:2 | CDM:1
336585,M. Fernandes,CM,24,LW,4,35,68.6,0,CM:24 | LW:4 | CDM:4 | CAM:3
19827,J. Cullen,CM,12,CDM,6,18,66.7,0,CM:12 | CDM:6
265784,Andre,CM,20,CDM,10,30,66.7,0,CM:20 | CDM:10
3080,M. Munetsi,CM,6,RW,3,9,66.7,0,CM:6 | RW:3
1243,T. Soucek,CM,16,CDM,6,24,66.7,0,CM:16 | CDM:6 | RW:1 | CAM:1
19192,J. Ramsey,CM,10,CDM,3,15,66.7,0,CM:10 | CDM:3 | LM:1 | LW:1
161933,Nico,CM,11,CDM,6,17,64.7,0,CM:11 | CDM:6
47315,M. Zubimendi,CM,22,CDM,11,34,64.7,0,CM:22 | CDM:11 | RB:1
2279,E. Ampadu,CM,22,CDM,13,35,62.9,0,CM:22 | CDM:13
2490,J. Lerma,CM,11,CB,7,18,61.1,0,CM:11 | CB:7
2937,D. Rice,CM,21,CDM,13,35,60.0,0,CM:21 | CDM:13 | RB:1
575,Florentino,CM,15,CDM,10,25,60.0,0,CM:15 | CDM:10
284446,F. Potts,CM,7,CDM,5,12,58.3,0,CM:7 | CDM:5
631,P. Foden,CM,13,CAM,4,23,56.5,0,CM:13 | CAM:4 | RM:2 | RW:2 | CDM:1 | ST:1
270508,L. Ugochukwu,CM,15,CAM,6,27,55.6,0,CM:15 | CAM:6 | CDM:5 | RM:1
328105,L. Miley,CM,8,RB,7,15,53.3,0,CM:8 | RB:7
2938,J. Ward-Prowse,CM,6,CDM,6,12,50.0,0,CM:6 | CDM:6
47311,M. Merino,CM,5,ST,5,10,50.0,0,CM:5 | ST:5
51494,M. Ugarte,CM,4,CDM,4,8,50.0,0,CM:4 | CDM:4
327631,H. Diarra,CM,7,CAM,7,15,46.7,0,CM:7 | CAM:7 | RM:1
67972,C. Gallagher,CM,6,CAM,5,14,42.9,0,CM:6 | CAM:5 | CDM:2 | RM:1
896,A. Gomes,CM,3,CAM,3,7,42.9,0,CM:3 | CAM:3 | CDM:1
20665,J. Bellegarde,CM,6,CAM,6,15,40.0,0,CM:6 | CAM:6 | LW:3
280,Alisson,GK,26,,0,26,100.0,0,GK:26
118307,D. Petrovic,GK,38,,0,38,100.0,0,GK:38
36878,M. Bizot,GK,6,,0,6,100.0,0,GK:6
18911,N. Pope,GK,27,,0,27,100.0,0,GK:27
129058,B. Verbruggen,GK,38,,0,38,100.0,0,GK:38
1438,B. Leno,GK,38,,0,38,100.0,0,GK:38
2919,M. Sels,GK,30,,0,30,100.0,0,GK:30
281,C. Kelleher,GK,37,,0,37,100.0,0,GK:37
194536,R. Roefs,GK,35,,0,35,100.0,0,GK:35
15870,M. Hermansen,GK,18,,0,18,100.0,0,GK:18
31354,G. Vicario,GK,31,,0,31,100.0,0,GK:31
18886,M. Dubravka,GK,35,,0,35,100.0,0,GK:35
1590,J. Sa,GK,23,,0,23,100.0,0,GK:23
162489,J. Trafford,GK,4,,0,4,100.0,0,GK:4
18959,R. Sanchez,GK,35,,0,35,100.0,0,GK:35
19088,D. Henderson,GK,37,,0,37,100.0,0,GK:37
50132,A. Bayindir,GK,6,,0,6,100.0,0,GK:6
19465,D. Raya,GK,37,,0,37,100.0,0,GK:37
80296,Lucas Perri,GK,16,,0,16,100.0,0,GK:16
2932,J. Pickford,GK,38,,0,38,100.0,0,GK:38
19599,E. Martinez,GK,32,,0,32,100.0,0,GK:32
18885,K. Darlow,GK,22,,0,22,100.0,0,GK:22
1622,G. Donnarumma,GK,34,,0,34,100.0,0,GK:34
19143,S. Johnstone,GK,12,,0,12,100.0,0,GK:12
253,A. Areola,GK,20,,0,20,100.0,0,GK:20
24760,G. Mamardashvili,GK,10,,0,10,100.0,0,GK:10
162511,S. Lammens,GK,32,,0,32,100.0,0,GK:32
20355,A. Ramsdale,GK,11,,0,11,100.0,0,GK:11
70366,John Victor,GK,5,,0,5,100.0,0,GK:5
286616,F. Jorgensen,GK,3,,0,3,100.0,0,GK:3
25004,S. Ortega,GK,3,,0,3,100.0,0,GK:3
61742,H. R. Valdimarsson,GK,1,,0,1,100.0,0,GK:1
278454,M. Ellborg,GK,3,,0,3,100.0,0,GK:3
22157,W. Benitez,GK,1,,0,1,100.0,0,GK:1
265826,A. Kinsky,GK,7,,0,7,100.0,0,GK:7
19341,D. Bentley,GK,3,,0,3,100.0,0,GK:3
18889,F. Woodman,GK,2,,0,2,100.0,0,GK:2
328273,M. Weiss,GK,3,,0,3,100.0,0,GK:3
2273,K. Arrizabalaga,GK,1,,0,1,100.0,0,GK:1
206254,M. Kerkez,LB,27,,0,27,100.0,0,LB:27
162267,A. Truffert,LB,38,,0,38,100.0,0,LB:38
2724,L. Digne,LB,21,,0,21,100.0,0,LB:21
157052,R. Calafiori,LB,22,,0,22,100.0,0,LB:22
138816,I. Maatsen,LB,17,,0,17,100.0,0,LB:17
2165,V. Mykolenko,LB,33,,0,33,100.0,0,LB:33
18816,A. Masuaku,LB,2,,0,2,100.0,0,LB:2
289,A. Robertson,LB,11,,0,11,100.0,0,LB:11
162076,D. Cirkin,LB,3,,0,3,100.0,0,LB:3
164,B. Davies,LB,2,,0,2,100.0,0,LB:2
19346,R. Henry,LB,13,LWB,1,14,92.9,0,LB:13 | LWB:1
21138,R. Ait-Nouri,LB,11,CAM,1,12,91.7,0,LB:11 | CAM:1
47380,M. Cucurella,LB,28,LWB,2,31,90.3,0,LB:28 | LWB:2 | LW:1
19032,R. Sessegnon,LB,18,LWB,1,20,90.0,0,LB:18 | LWB:1 | RW:1
19549,A. Robinson,LB,15,LWB,2,17,88.2,0,LB:15 | LWB:2
284492,L. Hall,LB,21,LWB,2,24,87.5,0,LB:21 | LWB:2 | RB:1
204039,D. Udogie,LB,12,LWB,2,14,85.7,0,LB:12 | LWB:2
22225,R. Mandava,LB,18,LWB,5,23,78.3,0,LB:18 | LWB:5
327730,O. Scarles,LB,7,RB,1,9,77.8,0,LB:7 | RB:1 | RWB:1
307123,N. O'Reilly,LB,22,CM,3,29,75.9,0,LB:22 | CM:3 | LM:3 | CDM:1
138780,N. Williams,LB,27,RB,5,36,75.0,0,LB:27 | RB:5 | LWB:2 | RWB:2
641,O. Zinchenko,LB,3,LWB,1,4,75.0,0,LB:3 | LWB:1
19235,D. Spence,LB,17,RB,2,23,73.9,0,LB:17 | RB:2 | LWB:2 | RWB:1 | RW:1
1361,F. Kadioglu,LB,25,RB,4,34,73.5,0,LB:25 | RB:4 | RW:3 | LW:1 | RWB:1
409303,M. Diouf,LB,22,LWB,8,30,73.3,0,LB:22 | LWB:8
163069,L. Netz,LB,2,LWB,1,3,66.7,0,LB:2 | LWB:1
127817,P. Hincapie,LB,13,CB,7,20,65.0,0,LB:13 | CB:7
162007,M. De Cuyper,LB,11,LW,5,17,64.7,0,LB:11 | LW:5 | LWB:1
44871,A. Hickey,LB,5,LWB,1,8,62.5,0,LB:5 | LWB:1 | RB:1 | CM:1
375915,Q. Hartman,LB,13,LWB,8,21,61.9,0,LB:13 | LWB:8
891,L. Shaw,LB,20,CB,17,38,52.6,0,LB:20 | CB:17 | LWB:1
106725,K. Lewis-Potter,LB,10,RW,6,22,45.5,0,LB:10 | RW:6 | LWB:3 | LW:3
37724,C. Summerville,LM,13,LW,8,29,44.8,0,LM:13 | LW:8 | CAM:4 | ST:3 | RW:1
106835,K. Mitoma,LW,19,,0,19,100.0,0,LW:19
153066,F. Carvalho,LW,1,,0,1,100.0,0,LW:1
127769,G. Martinelli,LW,11,,0,11,100.0,0,LW:11
162128,W. Gnonto,LW,4,,0,4,100.0,0,LW:4
19187,J. Grealish,LW,18,,0,18,100.0,0,LW:18
1946,L. Trossard,LW,21,,0,21,100.0,0,LW:21
19128,J. Harrison,LW,1,,0,1,100.0,0,LW:1
237819,Kevin,LW,9,,0,9,100.0,0,LW:9
404574,Luis Guilherme,LW,1,,0,1,100.0,0,LW:1
334037,T. George,LW,1,,0,1,100.0,0,LW:1
452685,R. Ngumoha,LW,5,,0,5,100.0,0,LW:5
417653,J. Derry,LW,1,,0,1,100.0,0,LW:1
284324,A. Garnacho,LW,13,LM,1,14,92.9,0,LW:13 | LM:1
1696,S. Chukwueze,LW,9,RW,1,10,90.0,0,LW:9 | RW:1
301771,S. Adingra,LW,8,LM,1,9,88.9,0,LW:8 | LM:1
2298,C. Hudson-Odoi,LW,17,RW,4,21,81.0,0,LW:17 | RW:4
19071,E. Buendia,LW,17,LM,3,21,81.0,0,LW:17 | LM:3 | CAM:1
286894,J. Gittens,LW,4,RM,1,5,80.0,0,LW:4 | RM:1
178077,K. Schade,LW,25,ST,6,32,78.1,0,LW:25 | ST:6 | LM:1
247,C. Gakpo,LW,23,ST,8,32,71.9,0,LW:23 | ST:8 | CAM:1
129682,A. Adli,LW,7,RW,3,10,70.0,0,LW:7 | RW:3
18778,H. Barnes,LW,13,RW,5,19,68.4,0,LW:13 | RW:5 | LM:1
138787,A. Gordon,LW,16,ST,8,24,66.7,0,LW:16 | ST:8
311543,N. Angulo,LW,3,LM,1,5,60.0,0,LW:3 | LM:1 | RW:1
270510,M. Tel,LW,7,ST,3,13,53.8,0,LW:7 | ST:3 | LM:2 | CAM:1
284414,R. Mundle,LW,1,LM,1,2,50.0,0,LW:1 | LM:1
1422,J. Doku,LW,8,LM,7,19,42.1,0,LW:8 | LM:7 | CAM:4
1165,M. Cunha,LW,12,ST,9,29,41.4,0,LW:12 | ST:9 | CAM:7 | RW:1
196855,J. Anthony,LW,13,LM,12,32,40.6,0,LW:13 | LM:12 | CAM:7
19281,A. Semenyo,LW,15,RW,10,37,40.5,0,LW:15 | RW:10 | RM:6 | ST:3 | LM:2 | CAM:1
336564,W. Odobert,LW,4,CAM,3,10,40.0,0,LW:4 | CAM:3 | RW:3
48389,N. Okafor,LW,7,ST,7,19,36.8,0,LW:7 | ST:7 | CAM:4 | LM:1
6056,N. Dominguez,LW,6,CM,5,17,35.3,0,LW:6 | CM:5 | CDM:4 | RW:1 | CAM:1
19245,M. Tavernier,LW,10,CAM,9,31,32.3,0,LW:10 | CAM:9 | RW:5 | CDM:5 | CM:2
182201,T. Mitchell,LWB,36,,0,36,100.0,0,LWB:36
380703,R. Cardines,LWB,1,,0,1,100.0,0,LWB:1
265782,D. M. Wolfe,LWB,10,LB,1,11,90.9,0,LWB:10 | LB:1
280687,H. Bueno,LWB,20,LB,5,26,76.9,0,LWB:20 | LB:5 | RWB:1
330238,Lucas Pires,LWB,9,LB,6,15,60.0,0,LWB:9 | LB:6
47969,G. Gudmundsson,LWB,17,LB,13,31,54.8,0,LWB:17 | LB:13 | LM:1
382452,P. Dorgu,LWB,8,LW,5,15,53.3,0,LWB:8 | LW:5 | RW:1 | CAM:1
414455,Souza,LWB,1,RM,1,2,50.0,0,LWB:1 | RM:1
18869,A. Smith,RB,14,,0,14,100.0,0,RB:14
19298,M. Cash,RB,34,,0,34,100.0,0,RB:34
92993,M. Wieffer,RB,23,,0,23,100.0,0,RB:23
657,K. Tete,RB,21,,0,21,100.0,0,RB:21
284230,R. Lewis,RB,4,,0,4,100.0,0,RB:4
19959,B. White,RB,9,,0,9,100.0,0,RB:9
537,J. Veltman,RB,9,,0,9,100.0,0,RB:9
41621,M. Nunes,RB,32,,0,32,100.0,0,RB:32
180317,C. Bradley,RB,12,,0,12,100.0,0,RB:12
2855,E. Krafth,RB,1,,0,1,100.0,0,RB:1
18758,S. Coleman,RB,1,,0,1,100.0,0,RB:1
138417,N. Patterson,RB,3,,0,3,100.0,0,RB:3
329357,Z. Abbott,RB,2,,0,2,100.0,0,RB:2
8500,W. Endo,RB,1,,0,1,100.0,0,RB:1
388013,A. Garcia,RB,1,,0,1,100.0,0,RB:1
169,K. Trippier,RB,17,RWB,1,18,94.4,0,RB:17 | RWB:1
171,K. Walker-Peters,RB,14,LB,1,15,93.3,0,RB:14 | LB:1
181806,N. Savona,RB,10,RWB,1,11,90.9,0,RB:10 | RWB:1
47519,P. Porro,RB,29,RWB,1,32,90.6,0,RB:29 | RWB:1 | CB:1 | RM:1
38746,J. Timber,RB,25,CB,2,28,89.3,0,RB:25 | CB:2 | LB:1
2771,O. Aina,RB,16,LB,1,18,88.9,0,RB:16 | LB:1 | RWB:1
342022,M. Kayode,RB,32,RWB,5,37,86.5,0,RB:32 | RWB:5
270139,J. O'Brien,RB,30,CB,5,35,85.7,0,RB:30 | CB:5
330437,A. Jimenez,RB,21,RW,5,26,80.8,0,RB:21 | RW:5
161907,M. Gusto,RB,19,LB,3,26,73.1,0,RB:19 | LB:3 | CDM:2 | RWB:2
284,J. Gomez,RB,5,CB,2,7,71.4,0,RB:5 | CB:2
2920,T. Castagne,RB,14,RWB,3,20,70.0,0,RB:14 | RWB:3 | RW:2 | LB:1
18846,A. Wan-Bissaka,RB,15,RWB,7,23,65.2,0,RB:15 | RWB:7 | CB:1
158694,V. Livramento,RB,9,LB,3,14,64.3,0,RB:9 | LB:3 | LWB:1 | RWB:1
19545,R. James,RB,12,CDM,7,20,60.0,0,RB:12 | CDM:7 | CM:1
152654,J. Frimpong,RB,7,RW,4,12,58.3,0,RB:7 | RW:4 | CAM:1
886,D. Dalot,RB,16,LWB,9,29,55.2,0,RB:16 | LWB:9 | RWB:4
627,K. Walker,RB,16,RWB,16,35,45.7,0,RB:16 | RWB:16 | CB:2 | RM:1
37143,L. Geertruida,RB,7,CB,5,17,41.2,0,RB:7 | CB:5 | CDM:5
119121,T. Hume,RB,9,LB,9,34,26.5,0,RB:9 | LB:9 | RW:7 | RWB:5 | RM:3 | LWB:1
554280,J. T. Bi,RM,1,,0,1,100.0,0,RM:1
161621,L. Tchaouna,RM,7,RW,6,14,50.0,0,RM:7 | RW:6 | LW:1
153430,A. Elanga,RW,14,,0,14,100.0,0,RW:14
425733,Estêvão,RW,12,,0,12,100.0,0,RW:12
304317,T. Dibling,RW,4,,0,4,100.0,0,RW:4
18753,A. Traore,RW,1,,0,1,100.0,0,RW:1
30410,F. Chiesa,RW,1,,0,1,100.0,0,RW:1
18,J. Sancho,RW,9,,0,9,100.0,0,RW:9
392610,H. Howell,RW,1,,0,1,100.0,0,RW:1
983,L. Bailey,RW,3,,0,3,100.0,0,RW:3
1460,B. Saka,RW,24,CAM,1,25,96.0,0,RW:24 | CAM:1
306,M. Salah,RW,22,ST,1,23,95.7,0,RW:22 | ST:1
407806,Rayan,RW,12,LW,1,13,92.3,0,RW:12 | LW:1
284797,D. Ouattara,RW,22,ST,1,25,88.0,0,RW:22 | ST:1 | LW:1 | RM:1
19221,H. Wilson,RW,28,CAM,4,32,87.5,0,RW:28 | CAM:4
136723,N. Madueke,RW,14,LW,2,16,87.5,0,RW:14 | LW:2
15911,M. Kudus,RW,15,CAM,4,19,78.9,0,RW:15 | CAM:4
18929,D. McNeil,RW,11,LW,2,14,78.6,0,RW:11 | LW:2 | CAM:1
19163,J. Murphy,RW,14,RM,2,19,73.7,0,RW:14 | RM:2 | ST:1 | CAM:1 | RWB:1
383685,Y. Minteh,RW,19,LW,7,26,73.1,0,RW:19 | LW:7
284428,O. Hutchinson,RW,12,RM,4,17,70.6,0,RW:12 | RM:4 | LW:1
19329,D. James,RW,4,RWB,2,6,66.7,0,RW:4 | RWB:2
202854,M. Rohl,RW,4,CAM,1,6,66.7,0,RW:4 | CAM:1 | CDM:1
48648,D. Ndoye,RW,9,LW,5,14,64.3,0,RW:9 | LW:5
137303,E. Guessand,RW,5,CAM,3,9,55.6,0,RW:5 | CAM:3 | LW:1
671,B. Traore,RW,5,RM,4,9,55.6,0,RW:5 | RM:4
339201,C. Rigg,RW,6,CAM,2,11,54.5,0,RW:6 | CAM:2 | RM:2 | CM:1
18870,D. Brooks,RW,7,LW,4,13,53.8,0,RW:7 | LW:4 | LM:1 | RM:1
19191,J. McGinn,RW,15,CAM,5,28,53.6,0,RW:15 | CAM:5 | CDM:3 | RM:3 | LW:2
1864,P. Neto,RW,16,LW,12,30,53.3,0,RW:16 | LW:12 | RM:1 | ST:1
18592,I. Ndiaye,RW,17,LW,13,32,53.1,0,RW:17 | LW:13 | CAM:2
129695,D. Bakwa,RW,3,LM,1,6,50.0,0,RW:3 | LM:1 | RM:1 | CAM:1
157997,A. Diallo,RW,12,RWB,10,27,44.4,0,RW:12 | RWB:10 | CAM:4 | LW:1
336659,C. Talbi,RW,7,LW,5,16,43.8,0,RW:7 | LW:5 | LM:4
13708,J. Arias,RW,6,CM,4,14,42.9,0,RW:6 | CM:4 | LW:2 | ST:1 | CAM:1
22,J. Bruun Larsen,RW,4,LW,3,10,40.0,0,RW:4 | LW:3 | ST:1 | RM:1 | CAM:1
278370,D. Gomez,RW,10,CAM,7,26,38.5,0,RW:10 | CAM:7 | LW:5 | CDM:4
19428,J. Bowen,RW,14,RM,13,38,36.8,0,RW:14 | RM:13 | ST:6 | CAM:4 | LW:1
278133,O. Bobb,RW,4,LW,4,11,36.4,0,RW:4 | LW:4 | RM:3
50739,B. Aaronson,RW,8,CAM,8,30,26.7,0,RW:8 | CAM:8 | CM:5 | ST:4 | LM:4 | RM:1
128895,O. Sonne,RWB,1,,0,1,100.0,0,RWB:1
13736,D. Munoz,RWB,29,,0,29,100.0,0,RWB:29
449245,Pedro Lima,RWB,3,,0,3,100.0,0,RWB:3
296560,J. Tchatchoua,RWB,18,RB,1,19,94.7,0,RWB:18 | RB:1
18862,N. Clyne,RWB,6,CB,1,7,85.7,0,RWB:6 | CB:1
285,K. Hoever,RWB,5,RB,1,6,83.3,0,RWB:5 | RB:1
19201,J. Bogle,RWB,17,RB,13,32,53.1,0,RWB:17 | RB:13 | RM:2
545,N. Mazraoui,RWB,4,RB,4,11,36.4,0,RWB:4 | RB:4 | CB:3
282770,R. Gomes,RWB,3,LWB,2,9,33.3,0,RWB:3 | LWB:2 | LW:2 | CAM:1 | RW:1
174565,H. Ekitike,ST,21,,0,21,100.0,0,ST:21
152856,Evanilson,ST,32,,0,32,100.0,0,ST:32
19366,O. Watkins,ST,33,,0,33,100.0,0,ST:33
2887,R. Jimenez,ST,27,,0,27,100.0,0,ST:27
18931,C. Wood,ST,11,,0,11,100.0,0,ST:11
196156,I. Thiago,ST,37,,0,37,100.0,0,ST:37
25391,N. Fullkrug,ST,5,,0,5,100.0,0,ST:5
2032,J. S. Larsen,ST,26,,0,26,100.0,0,ST:26
1100,E. Haaland,ST,34,,0,34,100.0,0,ST:34
25927,J. Mateta,ST,25,,0,25,100.0,0,ST:25
18979,V. Gyökeres,ST,26,,0,26,100.0,0,ST:26
250,J. Piroe,ST,2,,0,2,100.0,0,ST:2
125743,Beto,ST,17,,0,17,100.0,0,ST:17
343684,T. Barry,ST,21,,0,21,100.0,0,ST:21
1469,D. Welbeck,ST,26,,0,26,100.0,0,ST:26
195106,Rodrigo Muniz,ST,10,,0,10,100.0,0,ST:10
161948,L. Delap,ST,12,,0,12,100.0,0,ST:12
19461,L. Nmecha,ST,10,,0,10,100.0,0,ST:10
315237,W. Osula,ST,8,,0,8,100.0,0,ST:8
84087,W. Isidor,ST,11,,0,11,100.0,0,ST:11
18766,D. Calvert-Lewin,ST,30,,0,30,100.0,0,ST:30
115589,B. Sesko,ST,17,,0,17,100.0,0,ST:17
110153,T. Arokodare,ST,13,,0,13,100.0,0,ST:13
2864,A. Isak,ST,8,,0,8,100.0,0,ST:8
36927,Z. Flemming,ST,21,,0,21,100.0,0,ST:21
8598,T. Awoniyi,ST,3,,0,3,100.0,0,ST:3
392270,M. Guiu,ST,1,,0,1,100.0,0,ST:1
343311,S. Tzimas,ST,1,,0,1,100.0,0,ST:1
38750,B. Brobbey,ST,22,,0,22,100.0,0,ST:22
138822,A. Broja,ST,8,,0,8,100.0,0,ST:8
20649,Y. Wissa,ST,4,,0,4,100.0,0,ST:4
392482,C. Kostoulas,ST,2,,0,2,100.0,0,ST:2
50856,T. Castellanos,ST,17,,0,17,100.0,0,ST:17
643,Gabriel Jesus,ST,3,,0,3,100.0,0,ST:3
18883,D. Solanke,ST,11,,0,11,100.0,0,ST:11
19194,T. Abraham,ST,2,,0,2,100.0,0,ST:2
199089,L. Lucca,ST,1,,0,1,100.0,0,ST:1
9366,Igor Jesus,ST,27,CAM,1,28,96.4,0,ST:27 | CAM:1
2939,C. Wilson,ST,10,CAM,1,11,90.9,0,ST:10 | CAM:1
2413,Richarlison,ST,18,LW,2,20,90.0,0,ST:18 | LW:2
349799,E. Mayenda,ST,7,RW,1,8,87.5,0,ST:7 | RW:1
10329,Joao Pedro,ST,25,CAM,6,31,80.6,0,ST:25 | CAM:6
249,D. Malen,ST,4,RW,1,5,80.0,0,ST:4 | RW:1
70100,J. Zirkzee,ST,4,RW,1,5,80.0,0,ST:4 | RW:1
158054,N. Woltemade,ST,19,CAM,5,24,79.2,0,ST:19 | CAM:5
19484,A. Armstrong,ST,10,CAM,3,14,71.4,0,ST:10 | CAM:3 | LW:1
98936,L. Foster,ST,10,RW,4,15,66.7,0,ST:10 | RW:4 | LW:1
24888,Hwang Hee-Chan,ST,12,LW,3,18,66.7,0,ST:12 | LW:3 | CAM:2 | RW:1
81573,O. Marmoush,ST,5,LW,2,8,62.5,0,ST:5 | LW:2 | LM:1
978,K. Havertz,ST,4,CAM,2,7,57.1,0,ST:4 | CAM:2 | CM:1
21104,R. Kolo Muani,ST,10,RW,6,21,47.6,0,ST:10 | RW:6 | LW:3 | CAM:2
