player_id,name,team,age,nationality,photo,primary_position,detailed_position,position_group,position_confidence,minutes,rating,possession_control,passing_control,chance_creation,attacking_pressure,directness,shooting_efficiency
18,J. Sancho,Aston Villa,25.0,England,https://media.api-sports.io/football/players/18.png,RW,RW,W,100.0,891,6.65,84.9,93.0,76.9,20.9,40.3,52.1
22,J. Bruun Larsen,Burnley,27.0,Denmark,https://media.api-sports.io/football/players/22.png,RW,RW,W,40.0,1038,6.5,25.7,33.2,27.5,18.6,32.1,18.4
44,Rodri,Manchester City,29.0,Spain,https://media.api-sports.io/football/players/44.png,CDM,CDM,DM,82.4,1513,7.46,81.0,88.6,62.9,42.4,54.6,33.7
95,B. Badiashile,Chelsea,24.0,France,https://media.api-sports.io/football/players/95.png,CB,CB,CB,100.0,471,6.73,60.1,63.9,14.8,10.1,3.2,16.6
131,Jorge Cuenca,Fulham,26.0,Spain,https://media.api-sports.io/football/players/131.png,CB,CB,CB,100.0,965,6.85,54.9,60.0,47.9,21.8,46.3,16.6
138,J. Todibo,West Ham,26.0,France,https://media.api-sports.io/football/players/138.png,CB,CB,CB,100.0,1817,6.54,22.8,32.4,53.8,21.2,43.7,16.6
169,K. Trippier,Newcastle,35.0,England,https://media.api-sports.io/football/players/169.png,RB,RB,FB,94.4,1592,6.71,65.6,91.1,63.1,15.7,36.0,16.0
171,K. Walker-Peters,West Ham,28.0,England,https://media.api-sports.io/football/players/171.png,RB,RB,FB,93.3,1401,6.69,64.9,39.1,34.0,60.3,45.1,76.1
247,C. Gakpo,Liverpool,26.0,Netherlands,https://media.api-sports.io/football/players/247.png,LW,LW,W,71.9,2765,6.89,42.6,45.4,63.1,65.4,55.1,44.8
249,D. Malen,Aston Villa,26.0,Netherlands,https://media.api-sports.io/football/players/249.png,ST,ST,FW,80.0,680,6.6,36.8,42.6,72.4,82.9,85.5,57.1
250,J. Piroe,Leeds,26.0,Netherlands,https://media.api-sports.io/football/players/250.png,ST,ST,FW,100.0,320,6.46,61.5,61.6,13.0,44.0,37.1,13.0
253,A. Areola,West Ham,32.0,France,https://media.api-sports.io/football/players/253.png,GK,GK,GK,100.0,1800,6.76,25.6,42.6,65.8,47.4,49.4,50.6
280,Alisson Becker,Liverpool,33.0,Brazil,https://media.api-sports.io/football/players/280.png,GK,GK,GK,100.0,2351,6.78,42.1,41.3,33.1,47.4,38.1,50.6
281,C. Kelleher,Brentford,27.0,Republic of Ireland,https://media.api-sports.io/football/players/281.png,GK,GK,GK,100.0,3341,7.04,73.4,66.0,75.4,58.4,74.2,50.6
284,J. Gomez,Liverpool,28.0,England,https://media.api-sports.io/football/players/284.png,RB,RB,FB,71.4,644,6.57,60.3,70.7,56.4,53.3,55.0,28.3
285,K. Hoever,Wolves,23.0,Netherlands,https://media.api-sports.io/football/players/285.png,RWB,RWB,FB,83.3,428,6.56,45.6,39.5,56.5,48.3,56.6,66.2
289,A. Robertson,Liverpool,31.0,Scotland,https://media.api-sports.io/football/players/289.png,LB,LB,FB,100.0,1188,6.74,69.9,85.8,55.2,49.1,40.1,83.1
290,V. van Dijk,Liverpool,34.0,Netherlands,https://media.api-sports.io/football/players/290.png,CB,CB,CB,100.0,3431,7.28,81.9,77.6,48.0,78.2,49.6,91.8
292,J. Henderson,Brentford,35.0,England,https://media.api-sports.io/football/players/292.png,CDM,CDM,DM,95.5,1929,6.8,42.1,61.4,50.0,12.6,18.5,22.9
293,C. Jones,Liverpool,24.0,England,https://media.api-sports.io/football/players/293.png,CDM,CDM,DM,44.4,1961,6.85,90.1,80.2,63.2,63.5,68.8,52.3
296,J. Milner,Brighton,39.0,England,https://media.api-sports.io/football/players/296.png,CDM,CDM,DM,85.7,802,6.72,50.8,63.3,44.3,48.1,34.6,49.9
306,Mohamed Salah,Liverpool,33.0,Egypt,https://media.api-sports.io/football/players/306.png,RW,RW,W,95.7,2148,6.93,58.5,87.4,75.2,72.8,71.9,58.7
532,M. de Ligt,Manchester United,26.0,Netherlands,https://media.api-sports.io/football/players/532.png,CB,CB,CB,100.0,1170,6.93,37.2,39.9,39.1,67.5,52.9,67.9
537,J. Veltman,Brighton,33.0,Netherlands,https://media.api-sports.io/football/players/537.png,RB,RB,FB,100.0,1073,6.84,41.1,32.0,16.4,34.4,11.2,66.0
542,R. Gravenberch,Liverpool,23.0,Netherlands,https://media.api-sports.io/football/players/542.png,CDM,CDM,DM,94.1,2996,7.06,77.9,63.6,58.9,78.2,67.6,81.9
545,N. Mazraoui,Manchester United,28.0,Morocco,https://media.api-sports.io/football/players/545.png,RWB,RWB,FB,36.4,1022,6.89,80.5,62.4,39.1,28.6,40.4,16.0
567,Rúben Dias,Manchester City,28.0,Portugal,https://media.api-sports.io/football/players/567.png,CB,CB,CB,100.0,2161,7.17,72.1,76.2,50.8,52.5,50.4,78.3
575,Florentino,Burnley,26.0,Portugal,https://media.api-sports.io/football/players/575.png,CM,CM,CM,60.0,2118,6.68,38.8,44.4,27.2,18.2,26.3,12.8
626,J. Stones,Manchester City,31.0,England,https://media.api-sports.io/football/players/626.png,CB,CB,CB,100.0,449,6.5,70.4,54.9,40.1,26.7,36.2,16.6
627,K. Walker,Burnley,35.0,England,https://media.api-sports.io/football/players/627.png,RB,RB,FB,45.7,3097,6.61,55.0,49.6,25.6,16.1,16.6,16.0
631,P. Foden,Manchester City,25.0,England,https://media.api-sports.io/football/players/631.png,CM,CM,CM,56.5,2119,7.01,79.8,87.1,92.0,96.0,95.0,88.5
636,Bernardo Silva,Manchester City,31.0,Portugal,https://media.api-sports.io/football/players/636.png,CM,CM,CM,70.6,2890,6.85,75.4,89.3,70.9,39.5,62.6,40.5
641,O. Zinchenko,Nottingham Forest,29.0,Ukraine,https://media.api-sports.io/football/players/641.png,LB,LB,FB,75.0,353,6.72,74.6,86.2,51.3,57.3,49.9,72.2
643,Gabriel Jesus,Arsenal,28.0,Brazil,https://media.api-sports.io/football/players/643.png,ST,ST,FW,100.0,421,6.59,79.8,66.1,44.7,97.1,82.7,96.3
657,K. Tete,Fulham,30.0,Netherlands,https://media.api-sports.io/football/players/657.png,RB,RB,FB,100.0,1802,6.93,60.3,53.7,32.5,55.1,49.0,49.0
671,B. Traoré,Sunderland,30.0,Burkina Faso,https://media.api-sports.io/football/players/671.png,RW,RW,W,55.6,638,6.76,56.2,34.3,39.2,64.6,48.6,77.1
723,Joelinton,Newcastle,29.0,Brazil,https://media.api-sports.io/football/players/723.png,CM,CM,CM,82.6,1953,6.8,45.6,36.3,49.1,71.3,62.7,65.2
747,Casemiro,Manchester United,33.0,Brazil,https://media.api-sports.io/football/players/747.png,CDM,CDM,DM,54.5,2593,7.19,52.4,68.6,56.2,78.7,56.3,87.8
792,J. Kluivert,Bournemouth,26.0,Netherlands,https://media.api-sports.io/football/players/792.png,CAM,CAM,AM,100.0,951,6.54,46.4,53.9,55.0,42.4,59.9,30.1
833,J. Bijol,Leeds,26.0,Slovenia,https://media.api-sports.io/football/players/833.png,CB,CB,CB,100.0,1913,6.93,45.2,52.2,62.8,66.5,50.6,79.8
863,R. Bentancur,Tottenham,28.0,Uruguay,https://media.api-sports.io/football/players/863.png,CDM,CDM,DM,73.9,1892,6.76,56.7,34.9,37.2,38.2,43.3,33.0
886,Diogo Dalot,Manchester United,26.0,Portugal,https://media.api-sports.io/football/players/886.png,RB,RB,FB,55.2,2617,6.86,64.7,59.4,66.6,69.7,61.9,49.2
889,V. Lindelöf,Aston Villa,31.0,Sweden,https://media.api-sports.io/football/players/889.png,CB,CB,CB,81.8,985,6.67,41.6,57.1,37.6,21.0,19.7,16.6
891,L. Shaw,Manchester United,30.0,England,https://media.api-sports.io/football/players/891.png,LB,LB,FB,52.6,3231,6.71,67.4,58.3,25.3,30.7,16.5,57.4
895,J. Garner,Everton,24.0,England,https://media.api-sports.io/football/players/895.png,CDM,CDM,DM,78.9,3426,7.24,50.5,55.5,80.4,66.8,67.1,55.4
896,A. Gomes,Wolves,25.0,England,https://media.api-sports.io/football/players/896.png,CM,CM,CM,42.9,488,6.74,41.8,31.2,51.5,62.0,66.3,27.9
978,K. Havertz,Arsenal,26.0,Germany,https://media.api-sports.io/football/players/978.png,ST,ST,FW,57.1,583,6.68,79.6,95.5,83.6,35.3,46.2,20.4
983,L. Bailey,Aston Villa,28.0,Jamaica,https://media.api-sports.io/football/players/983.png,RW,RW,W,100.0,478,6.61,32.7,62.9,68.9,19.8,69.0,7.9
1096,D. Szoboszlai,Liverpool,25.0,Hungary,https://media.api-sports.io/football/players/1096.png,CAM,CAM,AM,38.9,3244,7.19,83.2,94.2,77.1,47.2,48.8,50.9
1100,E. Haaland,Manchester City,25.0,Norway,https://media.api-sports.io/football/players/1100.png,ST,ST,FW,100.0,2958,7.31,40.0,35.1,69.3,85.4,56.1,88.2
1119,K. Ajer,Brentford,27.0,Norway,https://media.api-sports.io/football/players/1119.png,CB,CB,CB,75.0,1820,6.66,16.9,21.2,44.0,46.5,57.5,43.3
1125,R. Christie,Bournemouth,30.0,Scotland,https://media.api-sports.io/football/players/1125.png,CDM,CDM,DM,100.0,986,6.72,54.0,48.6,53.3,95.8,88.8,87.6
1145,I. Konaté,Liverpool,26.0,France,https://media.api-sports.io/football/players/1145.png,CB,CB,CB,100.0,3100,7.07,72.1,64.2,47.1,42.0,38.4,61.1
1146,N. Mukiele,Sunderland,28.0,France,https://media.api-sports.io/football/players/1146.png,CB,CB,CB,50.0,2800,6.95,33.5,47.8,92.0,71.4,87.1,56.8
1150,T. Adams,Bournemouth,26.0,USA,https://media.api-sports.io/football/players/1150.png,CDM,CDM,DM,100.0,1778,6.85,48.8,40.7,28.2,41.3,18.1,81.7
1161,E. Smith Rowe,Fulham,25.0,England,https://media.api-sports.io/football/players/1161.png,CAM,CAM,AM,95.5,1944,6.65,68.7,57.1,19.3,38.6,24.6,37.1
1165,Matheus Cunha,Manchester United,26.0,Brazil,https://media.api-sports.io/football/players/1165.png,LW,LW,W,41.4,2503,7.13,70.7,59.8,51.8,91.0,70.8,93.3
1243,T. Souček,West Ham,30.0,Czechia,https://media.api-sports.io/football/players/1243.png,CM,CM,CM,66.7,2220,6.77,22.1,18.8,16.0,65.7,30.6,90.9
1361,F. Kadıoğlu,Brighton,26.0,Türkiye,https://media.api-sports.io/football/players/1361.png,LB,LB,FB,73.5,3135,6.83,57.9,45.3,30.8,65.9,45.2,72.8
1408,S. Bornauw,Leeds,26.0,Belgium,https://media.api-sports.io/football/players/1408.png,CB,CB,CB,100.0,442,6.7,20.7,6.0,25.5,27.1,36.5,16.6
1422,J. Doku,Manchester City,23.0,Belgium,https://media.api-sports.io/football/players/1422.png,LW,LW,W,42.1,1796,7.39,97.2,97.5,95.7,70.2,81.8,81.1
1438,B. Leno,Fulham,33.0,Germany,https://media.api-sports.io/football/players/1438.png,GK,GK,GK,100.0,3429,6.92,60.5,58.7,35.5,47.4,38.1,50.6
1445,K. Mavropanos,West Ham,28.0,Greece,https://media.api-sports.io/football/players/1445.png,CB,CB,CB,100.0,2540,7.06,43.0,23.3,28.4,76.6,41.9,76.9
1455,A. Iwobi,Fulham,29.0,Nigeria,https://media.api-sports.io/football/players/1455.png,CDM,CDM,DM,51.7,2443,7.07,54.6,68.8,79.9,82.5,85.8,89.3
1460,B. Saka,Arsenal,24.0,England,https://media.api-sports.io/football/players/1460.png,RW,RW,W,96.0,2225,7.24,73.4,78.5,88.3,89.2,89.9,83.5
1463,J. Willock,Newcastle,26.0,England,https://media.api-sports.io/football/players/1463.png,CM,CM,CM,70.0,1020,6.52,20.5,37.7,64.5,65.9,80.9,42.3
1464,G. Xhaka,Sunderland,33.0,Switzerland,https://media.api-sports.io/football/players/1464.png,CDM,CDM,DM,62.5,2916,7.32,61.7,71.4,67.4,29.3,40.1,25.8
1468,E. Nketiah,Crystal Palace,26.0,England,https://media.api-sports.io/football/players/1468.png,CAM,CAM,AM,100.0,416,6.58,17.1,22.4,44.6,89.2,84.1,96.1
1469,D. Welbeck,Brighton,35.0,England,https://media.api-sports.io/football/players/1469.png,ST,ST,FW,100.0,2268,6.68,63.6,69.3,52.0,51.5,42.1,75.7
1485,Bruno Fernandes,Manchester United,31.0,Portugal,https://media.api-sports.io/football/players/1485.png,CAM,CAM,AM,51.4,3066,7.63,75.1,96.8,82.6,60.3,54.7,50.5
1590,José Sá,Wolves,32.0,Portugal,https://media.api-sports.io/football/players/1590.png,GK,GK,GK,100.0,2070,6.85,37.6,48.1,52.7,47.4,48.6,50.6
1622,G. Donnarumma,Manchester City,26.0,Italy,https://media.api-sports.io/football/players/1622.png,GK,GK,GK,100.0,3060,7.03,44.2,27.7,63.5,57.7,66.9,50.6
1646,Lucas Paquetá,West Ham,28.0,Brazil,https://media.api-sports.io/football/players/1646.png,CAM,CAM,AM,50.0,1521,6.89,73.0,72.1,48.6,47.2,48.0,76.4
1696,S. Chukwueze,Fulham,26.0,Nigeria,https://media.api-sports.io/football/players/1696.png,LW,LW,W,90.0,1075,6.89,77.3,90.6,83.3,61.1,67.4,46.7
1746,J. Worrall,Burnley,29.0,England,https://media.api-sports.io/football/players/1746.png,CB,CB,CB,100.0,517,6.52,3.3,5.3,11.7,15.2,8.4,16.6
1864,Pedro Neto,Chelsea,25.0,Portugal,https://media.api-sports.io/football/players/1864.png,RW,RW,W,53.3,2643,6.97,70.1,76.9,77.5,37.5,53.6,57.1
1904,B. Kamara,Aston Villa,26.0,France,https://media.api-sports.io/football/players/1904.png,CDM,CDM,DM,82.4,1418,7.11,57.5,59.5,73.8,44.3,55.5,73.0
1934,S. Berge,Fulham,27.0,Norway,https://media.api-sports.io/football/players/1934.png,CDM,CDM,DM,94.1,2920,6.89,49.7,51.7,37.3,15.2,24.9,26.8
1946,L. Trossard,Arsenal,31.0,Belgium,https://media.api-sports.io/football/players/1946.png,LW,LW,W,100.0,2006,6.96,72.9,80.8,66.9,63.8,52.5,55.3
2032,J. Strand Larsen,Crystal Palace | Wolves,25.0,Norway,https://media.api-sports.io/football/players/2032.png,ST,ST,FW,100.0,2316,6.421,55.3,52.3,21.7,19.0,21.0,20.0
2165,V. Mykolenko,Everton,26.0,Ukraine,https://media.api-sports.io/football/players/2165.png,LB,LB,FB,100.0,2972,6.7,33.7,39.9,36.8,24.9,33.3,34.0
2218,I. Sarr,Crystal Palace,27.0,Senegal,https://media.api-sports.io/football/players/2218.png,CAM,CAM,AM,91.7,2176,6.83,18.6,11.1,20.5,65.1,31.3,84.1
2279,E. Ampadu,Leeds,25.0,Wales,https://media.api-sports.io/football/players/2279.png,CM,CM,CM,62.9,3128,7.15,70.6,52.2,31.6,25.4,20.6,32.8
2287,R. Barkley,Aston Villa,32.0,England,https://media.api-sports.io/football/players/2287.png,CAM,CAM,AM,71.4,865,6.82,80.7,62.1,44.2,70.7,48.4,82.4
2298,C. Hudson-Odoi,Nottingham Forest,25.0,England,https://media.api-sports.io/football/players/2298.png,LW,LW,W,81.0,1849,6.9,76.0,82.6,79.1,42.0,49.7,50.3
2413,Richarlison,Tottenham,28.0,Brazil,https://media.api-sports.io/football/players/2413.png,ST,ST,FW,90.0,1957,6.83,42.9,51.7,71.5,66.5,58.5,72.8
2467,Lisandro Martínez,Manchester United,27.0,Argentina,https://media.api-sports.io/football/players/2467.png,CB,CB,CB,100.0,1237,7.1,87.8,78.5,70.3,32.5,62.7,16.6
2490,J. Lerma,Crystal Palace,31.0,Colombia,https://media.api-sports.io/football/players/2490.png,CM,CM,CM,61.1,1731,6.72,42.7,52.2,35.4,41.7,33.2,49.9
2601,D. Kamada,Crystal Palace,29.0,Japan,https://media.api-sports.io/football/players/2601.png,CM,CM,CM,77.3,1908,6.86,42.0,37.1,41.8,30.7,49.1,20.7
2724,L. Digne,Aston Villa,32.0,France,https://media.api-sports.io/football/players/2724.png,LB,LB,FB,100.0,1866,6.78,31.7,55.8,71.3,42.0,42.4,61.0
2729,J. Andersen,Fulham,29.0,Denmark,https://media.api-sports.io/football/players/2729.png,CB,CB,CB,100.0,2884,7.04,81.8,72.5,53.3,46.8,46.5,38.7
2771,O. Aina,Nottingham Forest,29.0,Nigeria,https://media.api-sports.io/football/players/2771.png,RB,RB,FB,88.9,1590,6.9,49.6,32.4,40.4,50.0,60.8,23.5
2806,F. Schär,Newcastle,34.0,Switzerland,https://media.api-sports.io/football/players/2806.png,CB,CB,CB,100.0,1091,7.12,57.3,72.4,46.9,65.4,57.0,48.1
2817,N. Milenković,Nottingham Forest,28.0,Serbia,https://media.api-sports.io/football/players/2817.png,CB,CB,CB,100.0,3375,6.83,37.9,20.5,22.6,32.6,26.2,23.4
2823,S. Lukić,Fulham,29.0,Serbia,https://media.api-sports.io/football/players/2823.png,CDM,CDM,DM,90.0,1734,6.6,26.4,37.4,57.3,49.3,47.3,55.4
2864,A. Isak,Liverpool,26.0,Sweden,https://media.api-sports.io/football/players/2864.png,ST,ST,FW,100.0,714,6.51,10.5,15.3,24.3,36.9,35.7,34.1
2887,R. Jiménez,Fulham,34.0,Mexico,https://media.api-sports.io/football/players/2887.png,ST,ST,FW,100.0,2216,6.68,66.9,81.9,66.2,46.1,57.0,26.8
2919,M. Sels,Nottingham Forest,33.0,Belgium,https://media.api-sports.io/football/players/2919.png,GK,GK,GK,100.0,2667,6.83,23.1,31.6,51.0,47.4,47.8,50.6
2920,T. Castagne,Fulham,30.0,Belgium,https://media.api-sports.io/football/players/2920.png,RB,RB,FB,70.0,1881,6.75,48.7,49.1,36.1,45.8,34.5,64.5
2926,Y. Tielemans,Aston Villa,28.0,Belgium,https://media.api-sports.io/football/players/2926.png,CDM,CDM,DM,66.7,1874,7.21,64.4,74.8,82.6,56.7,62.9,43.7
2932,J. Pickford,Everton,31.0,England,https://media.api-sports.io/football/players/2932.png,GK,GK,GK,100.0,3432,7.02,66.9,77.1,60.2,47.4,50.2,50.6
2934,M. Keane,Everton,32.0,England,https://media.api-sports.io/football/players/2934.png,CB,CB,CB,100.0,2631,6.9,30.2,17.1,40.5,76.4,56.6,76.1
2935,H. Maguire,Manchester United,32.0,England,https://media.api-sports.io/football/players/2935.png,CB,CB,CB,100.0,1667,6.9,33.3,40.9,49.4,63.0,44.1,61.3
2936,J. Tarkowski,Everton,33.0,England,https://media.api-sports.io/football/players/2936.png,CB,CB,CB,100.0,3342,7.16,35.8,49.9,75.6,60.0,57.7,82.9
2937,D. Rice,Arsenal,26.0,England,https://media.api-sports.io/football/players/2937.png,CM,CM,CM,60.0,3099,7.46,77.9,90.5,73.8,58.9,56.0,67.2
2938,J. Ward-Prowse,West Ham | Burnley,31.0,England,https://media.api-sports.io/football/players/2938.png,CM,CM,CM,50.0,1109,6.837,49.3,75.6,60.5,12.7,32.1,54.3
2939,C. Wilson,West Ham,33.0,England,https://media.api-sports.io/football/players/2939.png,ST,ST,FW,90.9,1267,6.66,35.4,20.9,50.6,65.7,56.8,71.0
2990,I. Gueye,Everton,36.0,Senegal,https://media.api-sports.io/football/players/2990.png,CDM,CDM,DM,100.0,2101,6.79,26.1,37.9,41.8,55.5,53.2,55.5
3080,M. Munetsi,Wolves,29.0,Zimbabwe,https://media.api-sports.io/football/players/3080.png,CM,CM,CM,66.7,877,6.6,20.7,8.8,24.9,73.4,47.3,74.3
5996,E. Fernández,Chelsea,24.0,Argentina,https://media.api-sports.io/football/players/5996.png,CDM,CDM,DM,45.7,3134,7.18,58.9,85.0,77.5,86.7,88.0,92.7
6056,N. Domínguez,Nottingham Forest,27.0,Argentina,https://media.api-sports.io/football/players/6056.png,LW,LW,W,35.3,1193,6.83,77.1,68.1,22.7,15.4,7.7,38.0
6168,O. Alderete,Sunderland,29.0,Paraguay,https://media.api-sports.io/football/players/6168.png,CB,CB,CB,100.0,2802,6.83,48.4,39.9,65.6,79.9,73.9,76.9
6610,M. Senesi,Bournemouth,28.0,Argentina,https://media.api-sports.io/football/players/6610.png,CB,CB,CB,100.0,3290,7.24,73.5,87.8,88.5,45.6,62.0,46.8
6716,A. Mac Allister,Liverpool,27.0,Argentina,https://media.api-sports.io/football/players/6716.png,CDM,CDM,DM,83.9,2686,6.71,33.5,53.8,60.5,68.2,68.7,54.9
8598,T. Awoniyi,Nottingham Forest,28.0,Nigeria,https://media.api-sports.io/football/players/8598.png,ST,ST,FW,100.0,502,6.68,42.6,53.4,73.2,75.0,54.9,83.4
9366,Igor Jesus,Nottingham Forest,24.0,Brazil,https://media.api-sports.io/football/players/9366.png,ST,ST,FW,96.4,2320,6.6,48.1,58.5,46.0,29.1,41.0,44.0
10135,Bruno Guimarães,Newcastle,28.0,Brazil,https://media.api-sports.io/football/players/10135.png,CM,CM,CM,81.5,2455,7.47,71.3,85.0,81.5,88.2,87.1,94.3
10329,João Pedro,Chelsea,24.0,Brazil,https://media.api-sports.io/football/players/10329.png,ST,ST,FW,80.6,2687,7.07,89.7,85.1,83.8,56.7,65.1,60.6
13708,J. Arias,Wolves,28.0,Colombia,https://media.api-sports.io/football/players/13708.png,RW,RW,W,42.9,1121,6.63,54.5,51.5,13.6,15.6,12.6,16.1
13736,D. Muñoz,Crystal Palace,29.0,Colombia,https://media.api-sports.io/football/players/13736.png,RWB,RWB,FB,100.0,2403,6.91,18.3,38.9,61.4,74.1,56.5,90.4
15870,M. Hermansen,West Ham,25.0,Denmark,https://media.api-sports.io/football/players/15870.png,GK,GK,GK,100.0,1625,6.78,43.9,68.1,75.8,47.4,54.3,50.6
15908,M. Damsgaard,Brentford,25.0,Denmark,https://media.api-sports.io/football/players/15908.png,CAM,CAM,AM,79.2,2078,7.01,63.4,79.5,71.8,38.9,54.5,46.3
15911,M. Kudus,Tottenham,25.0,Ghana,https://media.api-sports.io/football/players/15911.png,RW,RW,W,78.9,1545,6.89,59.9,51.9,74.4,45.9,60.7,55.7
17661,J. Branthwaite,Everton,23.0,England,https://media.api-sports.io/football/players/17661.png,CB,CB,CB,71.4,689,7.05,30.3,49.1,54.9,72.3,83.0,79.2
18592,I. Ndiaye,Everton,25.0,Senegal,https://media.api-sports.io/football/players/18592.png,RW,RW,W,53.1,2798,6.88,72.9,50.1,43.9,56.0,49.7,78.1
18742,M. Doherty,Wolves,33.0,Republic of Ireland,https://media.api-sports.io/football/players/18742.png,CB,CB,CB,54.5,791,6.55,32.8,27.9,53.1,25.5,39.6,16.6
18744,M. Kilman,West Ham,28.0,England,https://media.api-sports.io/football/players/18744.png,CB,CB,CB,100.0,1565,6.6,35.8,26.8,42.9,41.0,48.4,30.8
18746,M. Gibbs-White,Nottingham Forest,25.0,England,https://media.api-sports.io/football/players/18746.png,CAM,CAM,AM,77.1,3110,6.92,59.6,55.3,56.1,78.7,57.1,84.9
18753,Adama Traoré,Fulham,29.0,Spain,https://media.api-sports.io/football/players/18753.png,RW,RW,W,100.0,318,6.51,40.1,14.9,22.4,26.3,24.4,13.4
18766,D. Calvert-Lewin,Leeds,28.0,England,https://media.api-sports.io/football/players/18766.png,ST,ST,FW,100.0,2726,6.71,39.1,45.6,40.7,55.6,44.0,56.1
18778,H. Barnes,Newcastle,28.0,England,https://media.api-sports.io/football/players/18778.png,LW,LW,W,68.4,1970,6.77,36.1,40.9,26.5,72.2,44.9,79.1
18806,W. Hughes,Crystal Palace,30.0,England,https://media.api-sports.io/football/players/18806.png,CM,CM,CM,100.0,1577,6.78,44.6,40.0,50.7,29.4,50.9,7.6
18814,I. Diop,Fulham,28.0,France,https://media.api-sports.io/football/players/18814.png,CB,CB,CB,100.0,827,6.64,56.4,39.2,18.5,42.8,16.5,76.1
18846,A. Wan-Bissaka,West Ham,28.0,England,https://media.api-sports.io/football/players/18846.png,RB,RB,FB,65.2,2084,6.64,34.8,32.9,51.4,21.5,37.6,16.0
18861,N. Aké,Manchester City,30.0,Netherlands,https://media.api-sports.io/football/players/18861.png,CB,CB,CB,50.0,703,6.81,50.4,81.2,58.4,48.2,63.6,33.6
18862,N. Clyne,Crystal Palace,34.0,England,https://media.api-sports.io/football/players/18862.png,RWB,RWB,FB,85.7,604,6.59,32.2,19.4,41.2,31.2,35.5,16.0
18869,A. Smith,Bournemouth,34.0,England,https://media.api-sports.io/football/players/18869.png,RB,RB,FB,100.0,1095,6.54,28.3,19.7,28.5,9.9,4.7,16.0
18870,D. Brooks,Bournemouth,28.0,Wales,https://media.api-sports.io/football/players/18870.png,RW,RW,W,53.8,1220,6.66,64.0,82.5,70.7,71.8,73.1,39.9
18872,L. Cook,Bournemouth,28.0,England,https://media.api-sports.io/football/players/18872.png,CDM,CDM,DM,87.5,905,6.86,51.8,52.6,51.8,10.1,23.8,8.0
18883,D. Solanke,Tottenham,28.0,England,https://media.api-sports.io/football/players/18883.png,ST,ST,FW,100.0,1000,6.87,52.7,31.0,42.6,43.0,44.9,68.4
18885,K. Darlow,Leeds,35.0,England,https://media.api-sports.io/football/players/18885.png,GK,GK,GK,100.0,1985,7.05,87.1,64.5,49.2,57.1,57.5,50.6
18886,M. Dúbravka,Burnley,36.0,Slovakia,https://media.api-sports.io/football/players/18886.png,GK,GK,GK,100.0,3150,6.99,50.3,45.2,37.7,47.4,38.1,50.6
18901,S. Longstaff,Leeds,28.0,England,https://media.api-sports.io/football/players/18901.png,CM,CM,CM,100.0,1046,6.9,26.1,51.2,70.2,63.3,60.1,48.2
18911,N. Pope,Newcastle,33.0,England,https://media.api-sports.io/football/players/18911.png,GK,GK,GK,100.0,2426,6.94,20.5,14.2,36.3,77.4,55.6,83.1
18929,D. McNeil,Everton,26.0,England,https://media.api-sports.io/football/players/18929.png,RW,RW,W,78.6,1189,6.63,35.6,33.8,31.2,18.5,19.6,20.7
18931,C. Wood,Nottingham Forest,34.0,New Zealand,https://media.api-sports.io/football/players/18931.png,ST,ST,FW,100.0,906,6.61,47.8,39.3,20.1,46.0,32.9,30.4
18959,Robert Sánchez,Chelsea,28.0,Spain,https://media.api-sports.io/football/players/18959.png,GK,GK,GK,100.0,3054,6.91,69.0,94.2,78.4,47.4,55.9,50.6
18961,D. Burn,Newcastle,33.0,England,https://media.api-sports.io/football/players/18961.png,CB,CB,CB,56.0,2209,6.59,31.6,42.2,51.1,41.9,34.9,63.1
18963,L. Dunk,Brighton,34.0,England,https://media.api-sports.io/football/players/18963.png,CB,CB,CB,100.0,2844,6.95,84.4,73.1,41.4,57.8,46.5,40.9
18968,Y. Bissouma,Tottenham,29.0,Mali,https://media.api-sports.io/football/players/18968.png,CM,CM,CM,71.4,605,6.64,58.8,42.9,12.7,37.9,25.9,50.9
18970,P. Groß,Brighton,34.0,Germany,https://media.api-sports.io/football/players/18970.png,CDM,CDM,DM,77.8,1636,7.05,64.9,88.8,81.8,58.0,58.5,76.0
18979,V. Gyökeres,Arsenal,27.0,Sweden,https://media.api-sports.io/football/players/18979.png,ST,ST,FW,100.0,2254,6.62,25.4,40.5,48.7,42.9,49.0,64.4
19025,T. Cairney,Fulham,34.0,Scotland,https://media.api-sports.io/football/players/19025.png,CDM,CDM,DM,66.7,814,6.81,76.9,82.1,51.1,72.0,65.4,49.9
19032,R. Sessegnon,Fulham,25.0,England,https://media.api-sports.io/football/players/19032.png,LB,LB,FB,90.0,1822,6.62,30.4,34.4,40.2,64.8,54.9,68.4
19071,E. Buendía,Aston Villa,29.0,Argentina,https://media.api-sports.io/football/players/19071.png,LW,LW,W,81.0,1796,6.85,54.6,71.3,46.3,62.5,49.0,49.0
19088,D. Henderson,Crystal Palace,28.0,England,https://media.api-sports.io/football/players/19088.png,GK,GK,GK,100.0,3330,6.94,57.8,46.1,57.4,55.5,61.5,50.6
19143,S. Johnstone,Wolves,32.0,England,https://media.api-sports.io/football/players/19143.png,GK,GK,GK,100.0,1080,6.93,59.0,56.8,35.8,47.4,38.1,50.6
19145,T. Adarabioyo,Chelsea,28.0,England,https://media.api-sports.io/football/players/19145.png,CB,CB,CB,100.0,796,6.89,62.9,67.4,21.2,12.8,8.2,16.6
19163,J. Murphy,Newcastle,30.0,England,https://media.api-sports.io/football/players/19163.png,RW,RW,W,73.7,1627,6.71,54.6,50.7,47.6,60.7,45.5,51.0
19170,M. Rogers,Aston Villa,23.0,England,https://media.api-sports.io/football/players/19170.png,CAM,CAM,AM,51.4,3285,6.84,41.8,42.1,59.3,75.7,70.3,79.5
19179,T. Mings,Aston Villa,32.0,England,https://media.api-sports.io/football/players/19179.png,CB,CB,CB,100.0,1335,6.69,55.6,69.5,49.4,39.2,60.8,29.9
19182,A. Tuanzebe,Burnley,28.0,England,https://media.api-sports.io/football/players/19182.png,CB,CB,CB,92.9,1202,6.53,18.3,21.5,11.8,30.4,7.5,69.6
19187,J. Grealish,Everton,30.0,England,https://media.api-sports.io/football/players/19187.png,LW,LW,W,100.0,1631,7.2,64.8,81.9,85.7,27.9,48.9,52.7
19191,J.  McGinn,Aston Villa,31.0,Scotland,https://media.api-sports.io/football/players/19191.png,RW,RW,W,53.6,2169,6.95,60.6,68.1,59.2,32.3,30.1,63.4
19192,J. Ramsey,Newcastle,24.0,England,https://media.api-sports.io/football/players/19192.png,CM,CM,CM,66.7,1474,6.66,51.1,60.9,74.6,58.7,71.8,47.7
19201,J. Bogle,Leeds,25.0,England,https://media.api-sports.io/football/players/19201.png,RWB,RWB,FB,53.1,2809,6.61,19.9,22.3,42.2,48.8,53.2,51.4
19220,M. Mount,Manchester United,26.0,England,https://media.api-sports.io/football/players/19220.png,CAM,CAM,AM,83.3,1018,6.89,60.1,55.5,32.1,39.9,34.2,37.0
19221,H. Wilson,Fulham,28.0,Wales,https://media.api-sports.io/football/players/19221.png,RW,RW,W,87.5,2701,7.11,52.8,50.6,56.2,69.0,43.3,70.8
19235,D. Spence,Tottenham,25.0,England,https://media.api-sports.io/football/players/19235.png,LB,LB,FB,73.9,2090,6.56,49.3,36.2,30.4,64.1,62.2,69.1
19245,M. Tavernier,Bournemouth,26.0,England,https://media.api-sports.io/football/players/19245.png,LW,LW,W,32.3,2738,6.84,75.5,86.3,65.4,70.4,63.2,60.1
19281,A. Semenyo,Bournemouth | Manchester City,25.0,Ghana,https://media.api-sports.io/football/players/19281.png,LW,LW,W,40.5,3200,7.047,52.6,43.8,50.0,90.7,71.1,92.4
19298,M. Cash,Aston Villa,28.0,Poland,https://media.api-sports.io/football/players/19298.png,RB,RB,FB,100.0,3032,6.84,62.8,62.2,54.8,71.7,52.2,73.2
19305,R. Yates,Nottingham Forest,28.0,England,https://media.api-sports.io/football/players/19305.png,CM,CM,CM,100.0,629,6.69,25.6,35.4,43.5,35.6,29.8,30.6
19321,J. Rodon,Leeds,28.0,Wales,https://media.api-sports.io/football/players/19321.png,CB,CB,CB,100.0,2958,6.69,27.2,37.8,36.7,54.8,37.3,75.2
19329,D. James,Leeds,28.0,Wales,https://media.api-sports.io/football/players/19329.png,RW,RW,W,66.7,571,6.62,17.9,21.0,36.3,32.0,39.4,26.2
19346,R. Henry,Brentford,28.0,England,https://media.api-sports.io/football/players/19346.png,LB,LB,FB,92.9,1334,6.45,39.4,22.6,32.4,34.7,43.5,16.0
19354,E. Konsa,Aston Villa,28.0,England,https://media.api-sports.io/football/players/19354.png,CB,CB,CB,100.0,3036,7.0,70.8,54.0,38.3,34.3,38.1,34.9
19366,O. Watkins,Aston Villa,30.0,England,https://media.api-sports.io/football/players/19366.png,ST,ST,FW,100.0,2864,6.87,55.7,47.7,64.8,64.4,58.0,78.3
19428,J. Bowen,West Ham,29.0,England,https://media.api-sports.io/football/players/19428.png,RW,RW,W,36.8,3410,6.99,32.6,27.9,61.6,63.2,51.8,71.0
19461,L. Nmecha,Leeds,27.0,Germany,https://media.api-sports.io/football/players/19461.png,ST,ST,FW,100.0,1097,6.69,71.8,68.3,63.1,66.2,49.0,78.8
19465,David Raya,Arsenal,30.0,Spain,https://media.api-sports.io/football/players/19465.png,GK,GK,GK,100.0,3330,6.95,49.4,44.7,70.2,55.5,68.4,50.6
19484,A. Armstrong,Wolves,28.0,England,https://media.api-sports.io/football/players/19484.png,ST,ST,FW,71.4,1146,6.54,40.7,23.6,44.4,24.1,28.3,29.9
19495,N. Collins,Brentford,24.0,Republic of Ireland,https://media.api-sports.io/football/players/19495.png,CB,CB,CB,100.0,2983,6.77,56.6,61.3,65.9,63.4,63.2,57.8
19545,R. James,Chelsea,26.0,England,https://media.api-sports.io/football/players/19545.png,RB,RB,FB,60.0,1973,7.19,83.4,91.5,78.9,74.4,63.1,80.8
19549,A. Robinson,Fulham,28.0,USA,https://media.api-sports.io/football/players/19549.png,LB,LB,FB,88.2,1502,6.83,82.2,80.8,64.2,40.2,51.5,61.7
19586,E. Eze,Arsenal,27.0,England,https://media.api-sports.io/football/players/19586.png,CAM,CAM,AM,50.0,1816,6.96,59.5,32.4,40.7,85.4,59.3,71.8
19599,E. Martínez,Aston Villa,33.0,Argentina,https://media.api-sports.io/football/players/19599.png,GK,GK,GK,100.0,2835,6.98,69.4,86.8,72.6,47.4,51.0,50.6
19720,T. Chalobah,Chelsea,26.0,England,https://media.api-sports.io/football/players/19720.png,CB,CB,CB,96.8,2795,6.94,83.0,66.7,38.0,64.5,48.6,67.8
19760,J. Justin,Leeds,27.0,England,https://media.api-sports.io/football/players/19760.png,CB,CB,CB,38.1,1921,6.93,18.8,37.5,75.2,81.0,92.5,71.0
19789,E. Pinnock,Brentford,32.0,Jamaica,https://media.api-sports.io/football/players/19789.png,CB,CB,CB,100.0,321,6.75,38.6,10.9,28.8,54.3,36.1,71.2
19827,J. Cullen,Burnley,29.0,Republic of Ireland,https://media.api-sports.io/football/players/19827.png,CM,CM,CM,66.7,1519,6.91,54.1,67.6,42.6,35.9,18.9,79.8
19911,L. O&apos;Nien,Sunderland,31.0,England,https://media.api-sports.io/football/players/19911.png,CB,CB,CB,80.0,604,6.63,32.3,33.2,62.9,50.7,47.4,41.4
19959,B. White,Arsenal,28.0,England,https://media.api-sports.io/football/players/19959.png,RB,RB,FB,100.0,713,6.89,75.8,74.6,64.4,45.1,44.2,29.3
20093,J. Hill,Bournemouth,23.0,England,https://media.api-sports.io/football/players/20093.png,CB,CB,CB,90.9,2120,6.98,46.2,54.9,77.1,40.3,49.4,31.8
20303,J. Laurent,Burnley,30.0,England,https://media.api-sports.io/football/players/20303.png,CB,CB,CB,55.6,1783,6.45,20.5,33.5,68.8,73.0,85.9,66.6
20355,A. Ramsdale,Newcastle,27.0,England,https://media.api-sports.io/football/players/20355.png,GK,GK,GK,100.0,1003,6.61,51.0,71.3,58.9,47.4,53.5,50.6
20589,B. Mbeumo,Manchester United,26.0,Cameroon,https://media.api-sports.io/football/players/20589.png,CAM,CAM,AM,51.6,2621,6.84,28.3,40.5,51.4,79.5,68.9,82.4
20638,E. Le Fée,Sunderland,25.0,France,https://media.api-sports.io/football/players/20638.png,CAM,CAM,AM,36.4,2953,6.91,39.7,60.8,61.4,19.5,28.9,49.6
20649,Y. Wissa,Newcastle,29.0,Congo DR,https://media.api-sports.io/football/players/20649.png,ST,ST,FW,100.0,548,6.47,27.7,32.9,16.6,37.4,56.2,20.4
20665,J. Bellegarde,Wolves,27.0,France,https://media.api-sports.io/football/players/20665.png,CM,CM,CM,40.0,1251,6.78,39.3,27.3,59.8,74.1,79.3,57.6
20995,M. Lacroix,Crystal Palace,25.0,France,https://media.api-sports.io/football/players/20995.png,CB,CB,CB,100.0,3087,6.9,49.0,44.6,52.9,63.8,56.6,63.7
21104,R. Kolo Muani,Tottenham,27.0,France,https://media.api-sports.io/football/players/21104.png,ST,ST,FW,47.6,1682,6.47,61.7,69.1,71.2,21.3,59.1,4.6
21138,R. Aït-Nouri,Manchester City,24.0,Algeria,https://media.api-sports.io/football/players/21138.png,LB,LB,FB,91.7,988,6.92,89.0,87.3,86.6,69.0,89.6,33.0
21998,A. Disasi,West Ham,27.0,France,https://media.api-sports.io/football/players/21998.png,CB,CB,CB,100.0,1260,6.72,39.9,19.4,25.9,46.3,27.3,66.4
22090,W. Saliba,Arsenal,24.0,France,https://media.api-sports.io/football/players/22090.png,CB,CB,CB,100.0,2615,7.04,81.9,79.4,62.6,37.1,47.6,42.9
22094,W. Fofana,Chelsea,25.0,France,https://media.api-sports.io/football/players/22094.png,CB,CB,CB,95.0,1726,6.86,76.9,63.2,52.2,41.5,51.7,28.6
22136,B. Diakité,Bournemouth,24.0,France,https://media.api-sports.io/football/players/22136.png,CB,CB,CB,100.0,1286,6.66,34.9,46.9,27.3,11.1,27.4,16.6
22149,I. Sangaré,Nottingham Forest,28.0,Côte d'Ivoire,https://media.api-sports.io/football/players/22149.png,CDM,CDM,DM,92.0,2080,6.97,35.5,25.5,43.7,50.7,47.3,47.6
22160,O. Boscagli,Brighton,28.0,France,https://media.api-sports.io/football/players/22160.png,CB,CB,CB,88.9,819,6.96,89.0,92.9,81.5,24.2,42.1,16.6
22224,Gabriel Magalhães,Arsenal,28.0,Brazil,https://media.api-sports.io/football/players/22224.png,CB,CB,CB,100.0,2751,7.36,55.6,61.2,56.2,65.1,41.2,76.3
22225,Reinildo,Sunderland,31.0,Mozambique,https://media.api-sports.io/football/players/22225.png,LB,LB,FB,78.3,1982,6.67,54.4,32.5,29.3,23.7,27.6,16.0
24760,G. Mamardashvili,Liverpool,25.0,Georgia,https://media.api-sports.io/football/players/24760.png,GK,GK,GK,100.0,868,6.74,34.2,33.5,32.3,47.4,38.1,50.6
24888,Hwang Hee-Chan,Wolves,29.0,Korea Republic,https://media.api-sports.io/football/players/24888.png,ST,ST,FW,66.7,1461,6.61,69.0,83.4,64.0,17.2,44.9,16.6
25073,V. Janelt,Brentford,27.0,Germany,https://media.api-sports.io/football/players/25073.png,CDM,CDM,DM,86.7,1460,6.94,44.9,63.6,71.1,39.2,44.6,38.7
25287,K. Danso,Tottenham,27.0,Austria,https://media.api-sports.io/football/players/25287.png,CB,CB,CB,100.0,1519,6.86,54.9,45.2,27.1,39.6,34.4,38.8
25391,N. Füllkrug,West Ham,32.0,Germany,https://media.api-sports.io/football/players/25391.png,ST,ST,FW,100.0,408,6.08,46.6,80.1,47.7,16.6,34.5,22.1
25927,J. Mateta,Crystal Palace,28.0,France,https://media.api-sports.io/football/players/25927.png,ST,ST,FW,100.0,2222,6.73,41.3,20.1,27.2,69.3,43.4,71.9
30410,F. Chiesa,Liverpool,28.0,Italy,https://media.api-sports.io/football/players/30410.png,RW,RW,W,100.0,400,6.58,23.5,32.8,25.1,79.3,47.6,71.2
30776,C. Romero,Tottenham,27.0,Argentina,https://media.api-sports.io/football/players/30776.png,CB,CB,CB,100.0,1872,7.13,69.8,71.2,86.6,93.0,87.2,81.2
31146,S. Tonali,Newcastle,25.0,Italy,https://media.api-sports.io/football/players/31146.png,CM,CM,CM,80.6,2543,6.95,83.0,78.3,60.5,45.5,56.5,33.4
31354,G. Vicario,Tottenham,29.0,Italy,https://media.api-sports.io/football/players/31354.png,GK,GK,GK,100.0,2790,6.87,48.9,57.7,50.5,47.4,47.0,50.6
32966,A. Tanaka,Leeds,27.0,Japan,https://media.api-sports.io/football/players/32966.png,CM,CM,CM,100.0,1326,6.74,46.6,62.7,43.5,58.4,53.9,47.1
36878,M. Bizot,Aston Villa,34.0,Netherlands,https://media.api-sports.io/football/players/36878.png,GK,GK,GK,100.0,597,6.54,52.1,54.8,30.6,47.4,38.1,50.6
36902,T. Reijnders,Manchester City,27.0,Netherlands,https://media.api-sports.io/football/players/36902.png,CM,CM,CM,78.9,1640,6.85,56.7,54.6,63.8,97.1,89.0,73.3
36922,S. van den Berg,Brentford,24.0,Netherlands,https://media.api-sports.io/football/players/36922.png,CB,CB,CB,100.0,2772,6.84,44.8,42.4,46.4,56.4,43.2,45.7
36927,Z. Flemming,Burnley,27.0,Netherlands,https://media.api-sports.io/football/players/36927.png,ST,ST,FW,100.0,1807,6.83,35.6,28.4,27.1,52.8,26.8,71.4
37127,M. Ødegaard,Arsenal,27.0,Norway,https://media.api-sports.io/football/players/37127.png,CM,CM,CM,100.0,1370,7.01,67.6,92.7,88.4,67.9,87.4,59.3
37143,L. Geertruida,Sunderland,25.0,Netherlands,https://media.api-sports.io/football/players/37143.png,RB,RB,FB,41.2,1715,6.83,59.5,39.1,23.2,39.7,29.0,43.8
37724,C. Summerville,West Ham,24.0,Netherlands,https://media.api-sports.io/football/players/37724.png,LM,LM,W,44.8,2485,7.05,44.6,22.3,41.9,54.6,53.4,48.0
37882,M. Edwards,Burnley,27.0,England,https://media.api-sports.io/football/players/37882.png,CAM,CAM,AM,54.5,1073,6.67,39.6,50.3,73.3,42.8,66.3,25.7
38695,J. van Hecke,Brighton,25.0,Netherlands,https://media.api-sports.io/football/players/38695.png,CB,CB,CB,100.0,3211,7.26,71.0,84.5,69.4,64.6,50.3,86.0
38734,S. Botman,Newcastle,25.0,Netherlands,https://media.api-sports.io/football/players/38734.png,CB,CB,CB,100.0,1847,7.04,71.1,71.2,74.8,66.9,61.2,59.6
38746,J. Timber,Arsenal,24.0,Netherlands,https://media.api-sports.io/football/players/38746.png,RB,RB,FB,89.3,2457,6.92,55.5,64.8,70.4,79.0,70.0,62.4
38750,B. Brobbey,Sunderland,23.0,Netherlands,https://media.api-sports.io/football/players/38750.png,ST,ST,FW,100.0,1944,6.63,20.3,34.5,41.1,26.4,25.9,58.9
41104,João Palhinha,Tottenham,30.0,Portugal,https://media.api-sports.io/football/players/41104.png,CDM,CDM,DM,52.2,2210,7.04,30.5,19.5,29.5,71.8,49.4,79.4
41606,Toti Gomes,Wolves,26.0,Portugal,https://media.api-sports.io/football/players/41606.png,CB,CB,CB,100.0,1427,6.56,59.8,58.4,63.6,45.6,65.3,54.9
41621,Matheus Nunes,Manchester City,27.0,Portugal,https://media.api-sports.io/football/players/41621.png,RB,RB,FB,100.0,2865,6.97,87.5,85.4,72.4,43.5,51.3,45.3
44871,A. Hickey,Brentford,23.0,Scotland,https://media.api-sports.io/football/players/44871.png,LB,LB,FB,62.5,727,6.65,23.7,23.9,8.5,41.7,41.7,27.8
46815,Pau Torres,Aston Villa,28.0,Spain,https://media.api-sports.io/football/players/46815.png,CB,CB,CB,100.0,1688,6.9,70.2,51.9,34.9,50.0,56.3,25.7
47311,Mikel Merino,Arsenal,29.0,Spain,https://media.api-sports.io/football/players/47311.png,CM,CM,CM,50.0,1035,6.86,25.9,36.6,65.0,82.9,68.2,86.5
47315,Martín Zubimendi,Arsenal,26.0,Spain,https://media.api-sports.io/football/players/47315.png,CM,CM,CM,64.7,3001,7.06,70.2,64.9,29.0,43.7,23.2,64.8
47380,Marc Cucurella,Chelsea,27.0,Spain,https://media.api-sports.io/football/players/47380.png,LB,LB,FB,90.3,2723,6.68,54.0,84.7,63.2,49.1,43.9,58.3
47438,M. Jensen,Brentford,29.0,Denmark,https://media.api-sports.io/football/players/47438.png,CAM,CAM,AM,34.6,2277,6.95,78.0,70.0,43.4,19.3,23.2,25.1
47519,Pedro Porro,Tottenham,26.0,Spain,https://media.api-sports.io/football/players/47519.png,RB,RB,FB,90.6,2810,6.89,69.1,83.1,77.0,72.7,81.4,56.8
47522,Douglas Luiz,Aston Villa | Nottingham Forest,27.0,Brazil,https://media.api-sports.io/football/players/47522.png,CDM,CDM,DM,91.7,944,6.894,71.8,81.4,65.2,73.2,73.6,80.6
47903,H. Ekdal,Burnley,27.0,Sweden,https://media.api-sports.io/football/players/47903.png,CB,CB,CB,100.0,1539,6.67,24.4,29.3,38.4,27.8,39.3,32.4
47969,G. Gudmundsson,Leeds,26.0,Sweden,https://media.api-sports.io/football/players/47969.png,LWB,LWB,FB,54.8,2642,6.67,47.6,30.8,45.0,52.6,65.9,28.1
48389,N. Okafor,Leeds,25.0,Switzerland,https://media.api-sports.io/football/players/48389.png,LW,LW,W,36.8,1573,6.93,33.0,18.7,47.9,80.1,69.4,89.6
48648,D. Ndoye,Nottingham Forest,25.0,Switzerland,https://media.api-sports.io/football/players/48648.png,RW,RW,W,64.3,1176,6.63,21.3,19.9,33.2,23.1,25.7,21.7
50132,A. Bayındır,Manchester United,27.0,Türkiye,https://media.api-sports.io/football/players/50132.png,GK,GK,GK,100.0,540,6.58,49.8,53.9,76.0,59.0,79.9,50.6
50739,B. Aaronson,Leeds,25.0,USA,https://media.api-sports.io/football/players/50739.png,RW,RW,W,26.7,2475,6.76,31.9,37.6,51.3,45.3,45.1,63.5
50856,V. Castellanos,West Ham,27.0,Argentina,https://media.api-sports.io/football/players/50856.png,ST,ST,FW,100.0,1395,6.73,40.7,52.0,41.6,66.8,50.1,60.2
51494,M. Ugarte,Manchester United,24.0,Uruguay,https://media.api-sports.io/football/players/51494.png,CM,CM,CM,50.0,901,6.68,71.6,48.0,20.7,43.4,41.0,11.1
55904,D. Ballard,Sunderland,26.0,Northern Ireland,https://media.api-sports.io/football/players/55904.png,CB,CB,CB,100.0,2148,6.83,39.9,54.7,63.5,82.2,74.8,80.3
64003,P. Struijk,Leeds,26.0,Netherlands,https://media.api-sports.io/football/players/64003.png,CB,CB,CB,100.0,2942,6.83,53.9,66.2,62.4,58.5,65.8,36.4
66407,L. Krejčí,Wolves,26.0,Czechia,https://media.api-sports.io/football/players/66407.png,CB,CB,CB,81.5,2361,6.71,38.6,56.8,56.1,72.5,57.5,86.5
67943,Morato,Nottingham Forest,24.0,Brazil,https://media.api-sports.io/football/players/67943.png,CB,CB,CB,92.9,1366,6.94,62.7,36.4,38.2,58.6,45.2,65.5
67971,M. Guéhi,Manchester City | Crystal Palace,25.0,England,https://media.api-sports.io/football/players/67971.png,CB,CB,CB,100.0,3150,7.34,74.9,86.2,83.6,80.3,78.5,70.4
67972,C. Gallagher,Tottenham,25.0,England,https://media.api-sports.io/football/players/67972.png,CM,CM,CM,42.9,1196,6.74,53.0,42.2,55.2,60.4,62.4,51.8
70100,J. Zirkzee,Manchester United,24.0,Netherlands,https://media.api-sports.io/football/players/70100.png,ST,ST,FW,80.0,666,6.5,85.3,95.7,75.5,68.8,68.5,47.2
70366,John,Nottingham Forest,29.0,Brazil,https://media.api-sports.io/football/players/70366.png,GK,GK,GK,100.0,438,6.3,21.6,21.9,30.3,47.4,38.1,50.6
80296,Lucas Perri,Leeds,28.0,Brazil,https://media.api-sports.io/football/players/80296.png,GK,GK,GK,100.0,1440,6.63,49.5,51.0,31.6,47.4,38.1,50.6
81573,Omar Marmoush,Manchester City,26.0,Egypt,https://media.api-sports.io/football/players/81573.png,ST,ST,FW,62.5,734,6.7,76.7,85.7,90.3,72.8,89.1,44.0
84087,W. Isidor,Sunderland,25.0,France,https://media.api-sports.io/football/players/84087.png,ST,ST,FW,100.0,1186,6.65,17.6,6.1,17.9,66.0,54.7,65.4
90590,G. Rutter,Brighton,23.0,France,https://media.api-sports.io/football/players/90590.png,CAM,CAM,AM,50.0,1804,6.63,34.5,27.4,55.3,60.0,63.6,51.9
92993,M. Wieffer,Brighton,26.0,Netherlands,https://media.api-sports.io/football/players/92993.png,RB,RB,FB,100.0,1914,6.74,56.7,65.1,60.8,72.2,57.3,74.2
98936,L. Foster,Burnley,25.0,South Africa,https://media.api-sports.io/football/players/98936.png,ST,ST,FW,66.7,1372,6.47,62.6,63.7,51.1,21.3,33.6,29.1
106725,K. Lewis-Potter,Brentford,24.0,England,https://media.api-sports.io/football/players/106725.png,LB,LB,FB,45.5,1990,6.65,21.3,27.5,61.1,87.6,77.7,78.3
106835,K. Mitoma,Brighton,28.0,Japan,https://media.api-sports.io/football/players/106835.png,LW,LW,W,100.0,1721,6.81,58.2,59.6,51.6,56.0,58.0,61.5
110153,T. Arokodare,Wolves,25.0,Nigeria,https://media.api-sports.io/football/players/110153.png,ST,ST,FW,100.0,1438,6.58,65.9,53.8,56.4,62.9,70.2,32.1
115589,B. Šeško,Manchester United,22.0,Slovenia,https://media.api-sports.io/football/players/115589.png,ST,ST,FW,100.0,1636,6.76,52.1,45.7,39.7,85.3,63.6,91.8
116117,M. Caicedo,Chelsea,24.0,Ecuador,https://media.api-sports.io/football/players/116117.png,CDM,CDM,DM,84.4,2802,7.17,80.8,70.0,47.4,48.2,38.2,67.9
118307,Đ. Petrović,Bournemouth,26.0,Serbia,https://media.api-sports.io/football/players/118307.png,GK,GK,GK,100.0,3420,6.87,20.5,16.1,34.5,47.4,38.1,50.6
119121,T. Hume,Sunderland,23.0,Northern Ireland,https://media.api-sports.io/football/players/119121.png,RB,RB,FB,26.5,3050,6.78,17.6,29.5,40.7,60.8,47.5,55.9
125743,Beto,Everton,27.0,Portugal,https://media.api-sports.io/football/players/125743.png,ST,ST,FW,100.0,1614,6.62,28.5,28.7,52.3,53.0,57.2,59.5
126949,C. Richards,Crystal Palace,25.0,USA,https://media.api-sports.io/football/players/126949.png,CB,CB,CB,100.0,2826,6.9,44.9,43.8,46.9,38.2,38.8,45.6
127769,Gabriel Martinelli,Arsenal,24.0,Brazil,https://media.api-sports.io/football/players/127769.png,LW,LW,W,100.0,1079,6.6,38.2,27.4,55.5,76.4,61.8,67.7
127817,P. Hincapié,Arsenal,23.0,Ecuador,https://media.api-sports.io/football/players/127817.png,LB,LB,FB,65.0,1792,6.92,65.6,59.2,46.7,33.3,24.4,76.1
129033,J. Gvardiol,Manchester City,23.0,Croatia,https://media.api-sports.io/football/players/129033.png,CB,CB,CB,87.5,1386,7.01,64.5,85.2,76.4,86.2,81.2,87.4
129058,B. Verbruggen,Brighton,23.0,Netherlands,https://media.api-sports.io/football/players/129058.png,GK,GK,GK,100.0,3420,7.05,92.3,80.0,58.2,54.5,58.8,50.6
129142,I. Gruev,Leeds,25.0,Bulgaria,https://media.api-sports.io/football/players/129142.png,CM,CM,CM,93.3,1334,6.7,48.2,44.4,48.3,15.9,20.5,10.7
129682,A. Adli,Bournemouth,25.0,Morocco,https://media.api-sports.io/football/players/129682.png,LW,LW,W,70.0,1106,6.81,61.1,72.1,42.9,50.5,36.0,80.4
129695,D. Bakwa,Nottingham Forest,23.0,France,https://media.api-sports.io/football/players/129695.png,RW,RW,W,50.0,552,6.61,57.8,77.8,70.0,37.6,61.7,25.4
129711,B. Johnson,Tottenham | Crystal Palace,24.0,Wales,https://media.api-sports.io/football/players/129711.png,CAM,CAM,AM,47.4,1752,6.572,12.5,16.6,24.1,16.3,20.9,13.6
135068,E. Agbadou,Wolves,28.0,Côte d'Ivoire,https://media.api-sports.io/football/players/135068.png,CB,CB,CB,100.0,1101,6.85,63.3,56.8,55.9,66.9,71.2,57.3
135334,S. Bueno,Wolves,27.0,Uruguay,https://media.api-sports.io/football/players/135334.png,CB,CB,CB,100.0,2553,6.77,13.9,37.1,55.0,51.5,35.8,90.4
136723,N. Madueke,Arsenal,23.0,England,https://media.api-sports.io/football/players/136723.png,RW,RW,W,87.5,1226,6.79,64.9,61.1,58.0,55.7,65.0,69.7
137303,E. Guessand,Crystal Palace | Aston Villa,24.0,France,https://media.api-sports.io/football/players/137303.png,RW,RW,W,55.6,933,6.525,16.3,10.6,31.0,40.3,41.2,60.7
138780,N. Williams,Nottingham Forest,24.0,Wales,https://media.api-sports.io/football/players/138780.png,LB,LB,FB,75.0,3206,6.93,56.4,57.4,73.6,86.7,82.2,86.5
138787,A. Gordon,Newcastle,24.0,England,https://media.api-sports.io/football/players/138787.png,LW,LW,W,66.7,1817,7.08,53.7,44.7,57.9,85.5,70.8,78.7
138816,I. Maatsen,Aston Villa,23.0,Netherlands,https://media.api-sports.io/football/players/138816.png,LB,LB,FB,100.0,1627,6.59,55.2,67.6,71.8,74.2,91.4,45.8
138822,A. Broja,Burnley,24.0,Albania,https://media.api-sports.io/football/players/138822.png,ST,ST,FW,100.0,874,6.4,44.0,44.0,43.7,23.7,41.6,51.9
138908,E. Anderson,Nottingham Forest,23.0,Scotland,https://media.api-sports.io/football/players/138908.png,CDM,CDM,DM,81.1,3334,7.35,88.6,84.9,83.6,70.1,82.1,60.1
148099,K. Dewsbury-Hall,Everton,27.0,England,https://media.api-sports.io/football/players/148099.png,CAM,CAM,AM,90.0,2635,7.15,65.4,54.7,55.8,42.9,31.3,67.6
152654,J. Frimpong,Liverpool,25.0,Netherlands,https://media.api-sports.io/football/players/152654.png,RB,RB,FB,58.3,1079,6.75,59.4,56.4,76.5,59.9,79.4,37.4
152849,M. van de Ven,Tottenham,24.0,Netherlands,https://media.api-sports.io/football/players/152849.png,CB,CB,CB,97.1,3055,6.73,57.6,46.2,45.8,67.2,53.5,79.4
152856,Evanilson,Bournemouth,26.0,Brazil,https://media.api-sports.io/football/players/152856.png,ST,ST,FW,100.0,2759,6.61,51.4,53.9,57.8,37.0,45.5,21.2
152967,C. Bassey,Fulham,26.0,Nigeria,https://media.api-sports.io/football/players/152967.png,CB,CB,CB,96.4,2553,6.87,64.8,68.6,62.4,42.8,60.8,39.9
152982,C. Palmer,Chelsea,23.0,England,https://media.api-sports.io/football/players/152982.png,CAM,CAM,AM,62.5,1978,7.04,57.5,52.4,42.5,88.2,73.2,92.8
153430,A. Elanga,Newcastle,23.0,Sweden,https://media.api-sports.io/football/players/153430.png,RW,RW,W,100.0,1347,6.57,37.7,41.8,24.2,14.3,24.5,10.8
156477,R. Cherki,Manchester City,22.0,France,https://media.api-sports.io/football/players/156477.png,CAM,CAM,AM,63.2,1806,7.2,94.5,98.9,97.9,72.5,88.9,40.9
157052,R. Calafiori,Arsenal,23.0,Italy,https://media.api-sports.io/football/players/157052.png,LB,LB,FB,100.0,1707,6.92,74.0,50.8,51.2,86.4,63.7,66.1
157997,A. Diallo,Manchester United,23.0,Côte d'Ivoire,https://media.api-sports.io/football/players/157997.png,RW,RW,W,44.4,2344,6.89,80.8,79.3,60.0,63.5,57.4,64.3
158054,N. Woltemade,Newcastle,23.0,Germany,https://media.api-sports.io/football/players/158054.png,ST,ST,FW,79.2,1939,6.66,59.9,73.6,74.3,30.2,50.6,47.9
158694,T. Livramento,Newcastle,23.0,England,https://media.api-sports.io/football/players/158694.png,RB,RB,FB,64.3,1328,6.8,68.5,63.6,56.4,26.6,47.1,16.0
158697,J. McAtee,Nottingham Forest,23.0,England,https://media.api-sports.io/football/players/158697.png,CAM,CAM,AM,50.0,322,6.54,40.3,61.3,65.8,11.3,46.7,4.0
161621,L. Tchaouna,Burnley,22.0,France,https://media.api-sports.io/football/players/161621.png,RM,RM,W,50.0,1316,6.57,19.0,21.2,16.1,33.7,16.9,68.8
161907,M. Gusto,Chelsea,22.0,France,https://media.api-sports.io/football/players/161907.png,RB,RB,FB,73.1,2267,6.66,71.3,84.4,67.5,59.2,52.0,82.9
161933,Nico González,Manchester City,23.0,Spain,https://media.api-sports.io/football/players/161933.png,CM,CM,CM,64.7,1587,7.0,92.1,70.7,38.8,30.1,27.9,32.0
161948,L. Delap,Chelsea,22.0,England,https://media.api-sports.io/football/players/161948.png,ST,ST,FW,100.0,1139,6.46,52.2,25.9,20.5,46.8,31.3,24.9
162007,M. De Cuyper,Brighton,25.0,Belgium,https://media.api-sports.io/football/players/162007.png,LB,LB,FB,64.7,1443,6.86,61.5,82.6,84.7,74.0,68.7,89.7
162016,X. Simons,Tottenham,22.0,Netherlands,https://media.api-sports.io/football/players/162016.png,CAM,CAM,AM,47.4,1769,6.86,75.0,78.2,81.6,50.9,72.0,24.5
162076,D. Cirkin,Sunderland,23.0,England,https://media.api-sports.io/football/players/162076.png,LB,LB,FB,100.0,329,6.67,39.0,7.2,23.5,33.4,30.9,16.0
162128,W. Gnonto,Leeds,22.0,Italy,https://media.api-sports.io/football/players/162128.png,LW,LW,W,100.0,540,6.61,61.8,80.6,49.8,20.5,37.0,5.6
162267,A. Truffert,Bournemouth,24.0,France,https://media.api-sports.io/football/players/162267.png,LB,LB,FB,100.0,3380,6.83,64.9,63.2,65.3,51.0,55.6,62.4
162489,J. Trafford,Manchester City,23.0,England,https://media.api-sports.io/football/players/162489.png,GK,GK,GK,100.0,372,7.08,54.5,25.8,52.9,60.3,64.0,50.6
162498,R. Drăgușin,Tottenham,23.0,Romania,https://media.api-sports.io/football/players/162498.png,CB,CB,CB,100.0,541,6.57,37.5,15.9,22.0,42.9,38.7,16.6
162511,S. Lammens,Manchester United,23.0,Belgium,https://media.api-sports.io/football/players/162511.png,GK,GK,GK,100.0,2880,7.01,36.5,29.7,38.1,47.4,38.1,50.6
162714,A. Onana,Aston Villa,24.0,Belgium,https://media.api-sports.io/football/players/162714.png,CDM,CDM,DM,95.2,1788,7.03,38.7,18.6,20.7,62.7,35.1,70.8
163069,L. Netz,Nottingham Forest,22.0,Germany,https://media.api-sports.io/football/players/163069.png,LB,LB,FB,66.7,355,6.73,27.6,11.2,30.3,19.3,24.7,16.0
163189,M. Thiaw,Newcastle,24.0,Germany,https://media.api-sports.io/football/players/163189.png,CB,CB,CB,100.0,2973,7.04,65.8,42.0,42.7,87.1,55.1,95.3
174565,H. Ekitike,Liverpool,23.0,France,https://media.api-sports.io/football/players/174565.png,ST,ST,FW,100.0,1810,6.93,84.8,81.9,90.1,76.5,86.3,47.9
177665,A. Stach,Leeds,27.0,Germany,https://media.api-sports.io/football/players/177665.png,CM,CM,CM,82.1,2378,7.15,40.2,46.8,83.8,84.0,86.6,70.9
178077,K. Schade,Brentford,24.0,Germany,https://media.api-sports.io/football/players/178077.png,LW,LW,W,78.1,2768,6.75,9.5,11.5,26.4,59.8,38.2,69.9
179400,M. Estève,Burnley,23.0,France,https://media.api-sports.io/football/players/179400.png,CB,CB,CB,100.0,2937,6.64,27.8,28.2,31.9,28.7,32.8,24.2
180317,C. Bradley,Liverpool,22.0,Northern Ireland,https://media.api-sports.io/football/players/180317.png,RB,RB,FB,100.0,932,6.59,58.1,59.0,35.1,29.0,45.3,16.0
180560,H. Mejbri,Burnley,22.0,Tunisia,https://media.api-sports.io/football/players/180560.png,CAM,CAM,AM,60.0,1253,6.72,70.0,64.7,70.8,28.6,43.3,25.3
181797,B. Humphreys,Burnley,22.0,England,https://media.api-sports.io/football/players/181797.png,CB,CB,CB,82.4,1578,6.85,48.1,57.2,68.6,50.1,69.8,61.5
181806,N. Savona,Nottingham Forest,22.0,Italy,https://media.api-sports.io/football/players/181806.png,RB,RB,FB,90.9,1026,6.59,27.6,30.3,21.4,56.0,24.7,92.1
182201,T. Mitchell,Crystal Palace,26.0,England,https://media.api-sports.io/football/players/182201.png,LWB,LWB,FB,100.0,3253,6.79,23.3,27.2,46.9,50.1,49.4,61.6
184226,Yeremy Pino,Crystal Palace,23.0,Spain,https://media.api-sports.io/football/players/184226.png,CAM,CAM,AM,80.8,2100,6.86,54.9,66.8,62.8,30.0,51.3,32.6
194536,R. Roefs,Sunderland,22.0,Netherlands,https://media.api-sports.io/football/players/194536.png,GK,GK,GK,100.0,3163,6.98,80.8,81.0,76.8,56.5,73.1,50.6
195103,João Gomes,Wolves,24.0,Brazil,https://media.api-sports.io/football/players/195103.png,CM,CM,CM,81.2,2843,6.78,69.8,44.6,39.1,40.4,47.4,56.5
195106,Rodrigo Muniz,Fulham,24.0,Brazil,https://media.api-sports.io/football/players/195106.png,ST,ST,FW,100.0,997,6.52,28.9,34.0,49.4,30.1,46.1,6.4
195717,Y. Mosquera,Wolves,24.0,Colombia,https://media.api-sports.io/football/players/195717.png,CB,CB,CB,95.8,2142,6.68,22.4,32.5,66.2,76.8,94.6,44.0
195993,C. Alcaraz,Everton,23.0,Argentina,https://media.api-sports.io/football/players/195993.png,CAM,CAM,AM,66.7,731,6.48,58.4,56.6,38.7,45.1,46.7,21.2
196156,Thiago,Brentford,24.0,Brazil,https://media.api-sports.io/football/players/196156.png,ST,ST,FW,100.0,3295,6.94,72.3,53.3,51.2,63.6,46.3,84.6
196855,J. Anthony,Burnley,26.0,England,https://media.api-sports.io/football/players/196855.png,LW,LW,W,40.6,2743,6.78,48.2,50.8,39.8,64.0,58.5,73.5
202854,M. Röhl,Everton,23.0,Germany,https://media.api-sports.io/football/players/202854.png,RW,RW,W,66.7,694,6.51,11.7,13.1,6.9,18.7,13.1,18.3
203224,F. Wirtz,Liverpool,22.0,Germany,https://media.api-sports.io/football/players/203224.png,CAM,CAM,AM,63.0,2399,6.81,85.0,88.9,78.2,60.0,69.7,68.6
204039,D. Udogie,Tottenham,23.0,Italy,https://media.api-sports.io/football/players/204039.png,LB,LB,FB,85.7,1342,6.54,40.6,55.1,43.4,25.3,39.1,44.6
206254,M. Kerkez,Liverpool,22.0,Hungary,https://media.api-sports.io/football/players/206254.png,LB,LB,FB,100.0,2301,6.62,63.2,65.6,53.0,44.1,42.2,48.1
237129,P. Sarr,Tottenham,23.0,Senegal,https://media.api-sports.io/football/players/237129.png,CM,CM,CM,76.9,1410,6.82,54.6,44.4,60.4,67.0,53.9,81.0
237819,Kevin,Fulham,22.0,Brazil,https://media.api-sports.io/football/players/237819.png,LW,LW,W,100.0,1037,6.75,65.0,52.1,54.5,74.6,78.2,57.2
263538,Y. Yarmolyuk,Brentford,21.0,Ukraine,https://media.api-sports.io/football/players/263538.png,CDM,CDM,DM,73.3,2675,6.73,30.6,31.2,37.7,29.6,43.3,30.6
265782,D. Møller Wolfe,Wolves,23.0,Norway,https://media.api-sports.io/football/players/265782.png,LWB,LWB,FB,90.9,1061,6.57,26.2,20.8,48.5,19.3,23.1,16.0
265784,André,Wolves,24.0,Brazil,https://media.api-sports.io/football/players/265784.png,CM,CM,CM,66.7,2766,6.81,51.8,37.1,31.0,22.6,31.7,20.1
265820,Y. Ayari,Brighton,22.0,Sweden,https://media.api-sports.io/football/players/265820.png,CDM,CDM,DM,85.0,1941,6.76,32.6,39.0,58.9,87.0,82.6,61.3
265826,A. Kinský,Tottenham,22.0,Czechia,https://media.api-sports.io/football/players/265826.png,GK,GK,GK,100.0,642,6.87,41.8,39.4,34.5,47.4,38.1,50.6
266657,Sávio,Manchester City,21.0,Brazil,https://media.api-sports.io/football/players/266657.png,CAM,CAM,AM,42.9,858,6.76,62.4,55.3,44.7,80.3,75.5,72.6
270139,J. O&apos;Brien,Everton,24.0,Republic of Ireland,https://media.api-sports.io/football/players/270139.png,RB,RB,FB,85.7,3131,6.71,18.0,21.0,25.6,38.7,25.0,67.4
270508,L. Ugochukwu,Burnley,21.0,France,https://media.api-sports.io/football/players/270508.png,CM,CM,CM,55.6,2359,6.72,22.6,10.5,24.5,47.4,38.9,72.2
270510,M. Tel,Tottenham,20.0,France,https://media.api-sports.io/football/players/270510.png,LW,LW,W,53.8,1358,6.74,47.1,43.8,66.5,69.3,82.4,41.7
278133,Oscar Bobb,Manchester City | Fulham,22.0,Norway,https://media.api-sports.io/football/players/278133.png,RW,RW,W,36.4,1050,6.808,87.2,82.4,69.7,24.0,54.4,14.5
278370,D. Gómez,Brighton,22.0,Paraguay,https://media.api-sports.io/football/players/278370.png,RW,RW,W,38.5,2137,6.74,57.8,47.8,16.6,48.6,28.0,49.3
278898,C. Riad,Crystal Palace,22.0,Morocco,https://media.api-sports.io/football/players/278898.png,CB,CB,CB,100.0,554,6.57,66.2,59.8,46.5,69.6,49.2,64.3
280687,Hugo Bueno,Wolves,23.0,Spain,https://media.api-sports.io/football/players/280687.png,LWB,LWB,FB,76.9,2375,6.65,36.5,47.5,77.2,68.4,81.7,65.1
282125,R. Lavia,Chelsea,21.0,Belgium,https://media.api-sports.io/football/players/282125.png,CDM,CDM,DM,75.0,377,6.78,82.5,58.6,23.6,31.5,38.3,8.0
282770,Rodrigo Gomes,Wolves,22.0,Portugal,https://media.api-sports.io/football/players/282770.png,RWB,RWB,FB,33.3,978,6.64,16.9,5.8,24.6,93.5,71.5,72.2
284230,R. Lewis,Manchester City,21.0,England,https://media.api-sports.io/football/players/284230.png,RB,RB,FB,100.0,435,6.63,72.6,94.0,75.8,33.3,54.0,16.0
284322,K. Mainoo,Manchester United,20.0,England,https://media.api-sports.io/football/players/284322.png,CDM,CDM,DM,100.0,1670,6.87,77.7,74.2,71.4,44.6,61.7,42.3
284324,A. Garnacho,Chelsea,21.0,Argentina,https://media.api-sports.io/football/players/284324.png,LW,LW,W,92.9,1283,6.77,61.2,85.6,74.0,46.6,61.3,19.8
284414,R. Mundle,Sunderland,22.0,England,https://media.api-sports.io/football/players/284414.png,LW,LW,W,50.0,412,6.5,32.1,12.6,15.9,36.3,40.1,19.3
284428,O. Hutchinson,Nottingham Forest,22.0,Jamaica,https://media.api-sports.io/football/players/284428.png,RW,RW,W,70.6,1695,6.76,63.1,64.1,76.8,40.0,59.8,60.4
284446,F. Potts,West Ham,22.0,England,https://media.api-sports.io/football/players/284446.png,CM,CM,CM,58.3,1167,6.82,31.0,39.5,30.9,8.2,17.9,52.4
284457,L. Bogarde,Aston Villa,21.0,Netherlands,https://media.api-sports.io/football/players/284457.png,CDM,CDM,DM,72.7,1104,6.57,11.8,12.1,6.8,6.6,7.6,8.0
284492,L. Hall,Newcastle,21.0,England,https://media.api-sports.io/football/players/284492.png,LB,LB,FB,87.5,2188,6.88,87.6,79.9,70.2,76.7,80.0,63.9
284500,T. Iroegbunam,Everton,22.0,England,https://media.api-sports.io/football/players/284500.png,CDM,CDM,DM,94.1,1505,6.76,18.5,15.5,47.4,35.8,57.6,12.4
284797,D. Ouattara,Brentford,23.0,Burkina Faso,https://media.api-sports.io/football/players/284797.png,RW,RW,W,88.0,2290,6.87,18.2,19.6,39.2,68.1,55.8,65.7
286458,J. Devenny,Crystal Palace,22.0,Scotland,https://media.api-sports.io/football/players/286458.png,CAM,CAM,AM,42.9,830,6.48,14.7,17.6,7.6,21.2,20.9,32.1
286616,F. Jörgensen,Chelsea,23.0,Denmark,https://media.api-sports.io/football/players/286616.png,GK,GK,GK,100.0,378,6.68,86.8,70.3,44.2,59.7,62.7,50.6
286894,J. Bynoe-Gittens,Chelsea,21.0,England,https://media.api-sports.io/football/players/286894.png,LW,LW,W,80.0,495,6.6,62.1,60.3,75.1,27.7,50.4,34.7
288102,A. Wharton,Crystal Palace,21.0,England,https://media.api-sports.io/football/players/288102.png,CM,CM,CM,100.0,2562,7.09,54.8,63.3,74.1,39.1,54.6,30.9
296560,J. Tchatchoua,Wolves,24.0,Cameroon,https://media.api-sports.io/football/players/296560.png,RWB,RWB,FB,94.7,1855,6.54,11.0,29.8,47.0,18.1,32.4,45.7
301187,Pablo,West Ham,21.0,Portugal,https://media.api-sports.io/football/players/301187.png,CAM,CAM,AM,90.0,826,6.51,37.8,33.4,52.8,23.3,36.7,8.0
301771,S. Adingra,Sunderland,23.0,Côte d'Ivoire,https://media.api-sports.io/football/players/301771.png,LW,LW,W,88.9,665,6.5,15.1,15.3,17.6,20.4,34.0,45.4
304317,T. Dibling,Everton,19.0,England,https://media.api-sports.io/football/players/304317.png,RW,RW,W,100.0,371,6.52,46.0,27.6,31.9,22.5,44.3,5.6
304853,A. Scott,Bournemouth,22.0,England,https://media.api-sports.io/football/players/304853.png,CDM,CDM,DM,91.2,2859,7.08,51.3,33.8,55.2,80.8,75.8,67.0
305730,J. Hinshelwood,Brighton,20.0,England,https://media.api-sports.io/football/players/305730.png,CAM,CAM,AM,55.0,1750,6.66,31.2,35.5,26.4,55.4,27.6,66.8
305834,Andrey Santos,Chelsea,21.0,Brazil,https://media.api-sports.io/football/players/305834.png,CDM,CDM,DM,76.9,1280,6.85,52.0,57.9,25.8,35.8,28.3,32.5
307123,N. O&apos;Reilly,Manchester City,20.0,England,https://media.api-sports.io/football/players/307123.png,LB,LB,FB,75.9,2648,6.88,68.4,68.1,60.0,90.9,77.8,85.7
311543,N. Angulo,Sunderland,22.0,Ecuador,https://media.api-sports.io/football/players/311543.png,LW,LW,W,60.0,413,6.49,15.7,2.9,14.6,47.0,45.3,39.1
313245,M. Lewis-Skelly,Arsenal,19.0,England,https://media.api-sports.io/football/players/313245.png,CDM,CDM,DM,60.0,722,6.64,55.7,32.1,34.6,23.6,33.9,8.0
315237,W. Osula,Newcastle,22.0,Denmark,https://media.api-sports.io/football/players/315237.png,ST,ST,FW,100.0,863,6.8,35.9,14.4,44.8,66.3,47.1,91.6
326176,S. Magassa,West Ham,22.0,France,https://media.api-sports.io/football/players/326176.png,CDM,CDM,DM,54.5,998,6.72,33.6,11.4,22.4,43.2,25.8,53.9
327631,H. Diarra,Sunderland,21.0,France,https://media.api-sports.io/football/players/327631.png,CM,CM,CM,46.7,1420,6.72,10.5,13.4,30.9,73.5,63.7,53.9
327730,O. Scarles,West Ham,20.0,England,https://media.api-sports.io/football/players/327730.png,LB,LB,FB,77.8,668,6.58,30.8,39.9,26.1,29.7,48.8,16.0
328089,A. Gray,Tottenham,19.0,England,https://media.api-sports.io/football/players/328089.png,CDM,CDM,DM,44.4,1512,6.58,16.5,15.6,36.0,52.0,38.9,81.5
328105,L. Miley,Newcastle,19.0,England,https://media.api-sports.io/football/players/328105.png,CM,CM,CM,53.3,1494,6.95,80.9,70.5,66.6,41.6,34.4,54.8
328225,B. Gruda,Brighton,21.0,Germany,https://media.api-sports.io/football/players/328225.png,CAM,CAM,AM,62.5,740,6.61,45.7,53.2,74.2,65.9,83.2,54.2
330238,Lucas Pires,Burnley,24.0,Brazil,https://media.api-sports.io/football/players/330238.png,LWB,LWB,FB,60.0,1406,6.59,54.7,50.8,62.0,69.0,78.1,46.9
330437,Álex Jiménez,Bournemouth,20.0,Spain,https://media.api-sports.io/football/players/330437.png,RB,RB,FB,80.8,2330,6.81,51.1,26.6,40.9,66.0,65.4,51.8
333682,Cristhian Mosquera,Arsenal,21.0,Spain,https://media.api-sports.io/football/players/333682.png,CB,CB,CB,77.8,1003,6.93,49.3,66.7,58.2,15.6,45.4,16.6
336564,W. Odobert,Tottenham,21.0,France,https://media.api-sports.io/football/players/336564.png,LW,LW,W,40.0,990,6.61,66.5,66.7,71.4,61.6,77.0,33.9
336585,Mateus Fernandes,West Ham,21.0,Portugal,https://media.api-sports.io/football/players/336585.png,CM,CM,CM,68.6,3029,7.19,70.9,63.4,71.0,46.7,54.5,53.7
336659,C. Talbi,Sunderland,20.0,Morocco,https://media.api-sports.io/football/players/336659.png,RW,RW,W,43.8,1561,6.63,29.1,17.5,17.5,47.4,26.5,57.9
339201,C. Rigg,Sunderland,18.0,England,https://media.api-sports.io/football/players/339201.png,RW,RW,W,54.5,777,6.58,39.9,33.1,31.9,30.6,24.5,23.4
341642,J. Hato,Chelsea,19.0,Netherlands,https://media.api-sports.io/football/players/341642.png,CB,CB,CB,58.3,1160,6.54,60.9,73.4,70.3,42.2,78.1,16.6
342022,M. Kayode,Brentford,21.0,Italy,https://media.api-sports.io/football/players/342022.png,RB,RB,FB,86.5,3275,6.88,47.8,34.7,63.8,43.9,61.0,60.4
342970,L. Yoro,Manchester United,20.0,France,https://media.api-sports.io/football/players/342970.png,CB,CB,CB,100.0,1748,6.68,46.2,43.1,32.1,44.8,40.4,44.6
343684,T. Barry,Everton,23.0,France,https://media.api-sports.io/football/players/343684.png,ST,ST,FW,100.0,1932,6.53,43.4,46.9,26.0,28.8,34.9,39.4
347316,L. Bergvall,Tottenham,19.0,Sweden,https://media.api-sports.io/football/players/347316.png,CAM,CAM,AM,54.5,979,6.57,48.3,27.1,40.9,37.9,31.8,31.8
349799,Eliezer Mayenda,Sunderland,20.0,Spain,https://media.api-sports.io/football/players/349799.png,ST,ST,FW,87.5,770,6.58,25.2,8.6,31.6,34.4,46.6,58.4
356041,C. Baleba,Brighton,21.0,Cameroon,https://media.api-sports.io/football/players/356041.png,CDM,CDM,DM,87.0,1677,6.63,29.3,17.1,28.6,38.8,51.0,14.4
360114,A. Khusanov,Manchester City,21.0,Uzbekistan,https://media.api-sports.io/football/players/360114.png,CB,CB,CB,86.7,1429,6.91,81.5,78.9,67.7,53.0,73.4,27.1
362711,Jair,Nottingham Forest,20.0,Brazil,https://media.api-sports.io/football/players/362711.png,CB,CB,CB,83.3,525,6.64,27.1,18.0,36.6,42.3,46.1,66.3
363695,Murillo,Nottingham Forest,23.0,Brazil,https://media.api-sports.io/football/players/363695.png,CB,CB,CB,100.0,2133,7.02,54.7,49.4,63.3,54.5,59.6,76.6
365331,N. Sadiki,Sunderland,21.0,Belgium,https://media.api-sports.io/football/players/365331.png,CDM,CDM,DM,54.5,2907,6.76,36.4,18.8,43.1,31.2,43.0,47.9
366735,Joshua Kofi Acheampong,Chelsea,19.0,England,https://media.api-sports.io/football/players/366735.png,CB,CB,CB,62.5,700,6.59,71.0,62.8,52.1,69.5,62.9,93.9
368030,E. Kroupi,Bournemouth,19.0,France,https://media.api-sports.io/football/players/368030.png,CAM,CAM,AM,71.4,1690,6.8,31.7,24.7,31.8,82.6,58.6,99.5
375915,Q. Hartman,Burnley,24.0,Netherlands,https://media.api-sports.io/football/players/375915.png,LB,LB,FB,61.9,1830,6.48,33.9,53.0,55.8,34.4,37.7,44.2
382452,P. Dorgu,Manchester United,21.0,Denmark,https://media.api-sports.io/football/players/382452.png,LWB,LWB,FB,53.3,1461,6.92,30.4,50.5,89.3,91.5,93.8,89.5
383685,Y. Minteh,Brighton,21.0,Gambia,https://media.api-sports.io/football/players/383685.png,RW,RW,W,73.1,2398,6.85,50.2,42.8,71.9,44.5,65.4,32.8
389315,Joshua King,Fulham,18.0,England,https://media.api-sports.io/football/players/389315.png,CAM,CAM,AM,93.3,1319,6.62,35.3,25.3,43.4,53.2,55.3,49.1
392482,C. Kostoulas,Brighton,18.0,Greece,https://media.api-sports.io/football/players/392482.png,ST,ST,FW,100.0,386,6.66,84.4,98.1,94.1,91.3,100.0,60.9
402329,A. Heaven,Manchester United,19.0,England,https://media.api-sports.io/football/players/402329.png,CB,CB,CB,100.0,938,6.91,57.4,42.9,60.9,33.6,50.4,16.6
405360,H. Armstrong,Everton,18.0,England,https://media.api-sports.io/football/players/405360.png,CAM,CAM,AM,33.3,549,6.69,32.2,31.1,10.5,8.0,7.4,30.4
407806,Rayan,Bournemouth,19.0,Brazil,https://media.api-sports.io/football/players/407806.png,RW,RW,W,92.3,1119,6.97,41.9,40.9,47.7,61.1,43.2,63.9
409303,E. Diouf,West Ham,21.0,Senegal,https://media.api-sports.io/football/players/409303.png,LB,LB,FB,73.3,2716,6.74,43.9,47.4,70.5,48.9,62.5,33.0
412719,Veljko Milosavljević,Bournemouth,18.0,Serbia,https://media.api-sports.io/football/players/412719.png,CB,CB,CB,100.0,375,6.78,50.8,37.4,48.0,31.2,40.5,16.6
412759,J. Canvot,Crystal Palace,19.0,France,https://media.api-sports.io/football/players/412759.png,CB,CB,CB,100.0,1347,6.87,47.1,42.9,36.1,45.6,52.1,28.3
425733,Estêvão,Chelsea,18.0,Brazil,https://media.api-sports.io/football/players/425733.png,RW,RW,W,100.0,852,6.72,56.5,62.1,73.4,81.7,86.5,59.1
452685,R. Ngumoha,Liverpool,17.0,England,https://media.api-sports.io/football/players/452685.png,LW,LW,W,100.0,582,6.98,77.6,72.1,87.1,91.9,93.8,72.9
456206,M. Mane,Wolves,18.0,England,https://media.api-sports.io/football/players/456206.png,CAM,CAM,AM,63.2,1799,6.9,30.0,24.2,62.6,76.2,82.8,52.7
