league_id,league,season,team_id,team,player_id,name,age,nationality,photo,position,appearances,minutes,rating,goals,assists,shots,shots_on_target,passes,key_passes,tackles,interceptions,dribble_attempts,successful_dribbles
39,Premier League,2025,40,Liverpool,247,C. Gakpo,26.0,Netherlands,https://media.api-sports.io/football/players/247.png,Midfielder,36,2765,6.89,7,5,54,21,750,53,28,13,69,34
39,Premier League,2025,40,Liverpool,280,Alisson Becker,33.0,Brazil,https://media.api-sports.io/football/players/280.png,Goalkeeper,26,2351,6.78,0,0,0,0,816,0,0,0,0,0
39,Premier League,2025,40,Liverpool,284,J. Gomez,28.0,England,https://media.api-sports.io/football/players/284.png,Defender,21,644,6.57,0,2,5,1,318,6,10,9,6,3
39,Premier League,2025,40,Liverpool,289,A. Robertson,31.0,Scotland,https://media.api-sports.io/football/players/289.png,Defender,24,1188,6.74,1,0,4,3,710,20,12,8,6,3
39,Premier League,2025,40,Liverpool,290,V. van Dijk,34.0,Netherlands,https://media.api-sports.io/football/players/290.png,Defender,38,3431,7.28,6,0,26,14,2787,12,22,28,2,2
39,Premier League,2025,40,Liverpool,293,C. Jones,24.0,England,https://media.api-sports.io/football/players/293.png,Midfielder,34,1961,6.85,1,2,16,7,1644,21,40,18,35,22
39,Premier League,2025,40,Liverpool,306,Mohamed Salah,33.0,Egypt,https://media.api-sports.io/football/players/306.png,Midfielder,27,2148,6.93,7,7,45,19,793,49,17,4,72,19
39,Premier League,2025,40,Liverpool,1096,D. Szoboszlai,25.0,Hungary,https://media.api-sports.io/football/players/1096.png,Midfielder,36,3244,7.19,6,7,47,23,2184,78,55,30,50,26
39,Premier League,2025,40,Liverpool,1145,I. Konaté,26.0,France,https://media.api-sports.io/football/players/1145.png,Defender,36,3100,7.07,1,0,9,4,2167,8,53,28,7,5
39,Premier League,2025,40,Liverpool,6716,A. Mac Allister,27.0,Argentina,https://media.api-sports.io/football/players/6716.png,Midfielder,37,2686,6.71,2,4,32,12,1436,36,53,21,27,11
39,Premier League,2025,40,Liverpool,8500,W. Endo,32.0,Japan,https://media.api-sports.io/football/players/8500.png,Midfielder,8,206,6.73,0,1,0,0,94,1,7,0,1,0
39,Premier League,2025,40,Liverpool,19035,H. Elliott,22.0,England,https://media.api-sports.io/football/players/19035.png,Midfielder,1,8,6.5,0,0,0,0,8,0,0,0,1,0
39,Premier League,2025,66,Aston Villa,19035,H. Elliott,22.0,England,https://media.api-sports.io/football/players/19035.png,Midfielder,4,109,6.55,0,0,1,0,74,1,0,0,0,0
39,Premier League,2025,40,Liverpool,24760,G. Mamardashvili,25.0,Georgia,https://media.api-sports.io/football/players/24760.png,Goalkeeper,10,868,6.74,0,0,0,0,288,0,1,1,0,0
39,Premier League,2025,40,Liverpool,30410,F. Chiesa,28.0,Italy,https://media.api-sports.io/football/players/30410.png,Attacker,26,400,6.58,2,1,11,5,113,3,8,4,11,2
39,Premier League,2025,40,Liverpool,152654,J. Frimpong,25.0,Netherlands,https://media.api-sports.io/football/players/152654.png,Defender,21,1079,6.75,0,1,6,2,441,15,11,6,33,18
39,Premier League,2025,40,Liverpool,174565,H. Ekitike,23.0,France,https://media.api-sports.io/football/players/174565.png,Attacker,28,1810,6.93,11,4,48,19,400,21,11,3,72,38
39,Premier League,2025,40,Liverpool,203224,F. Wirtz,22.0,Germany,https://media.api-sports.io/football/players/203224.png,Midfielder,33,2399,6.81,5,3,32,18,1422,61,34,11,74,39
39,Premier League,2025,40,Liverpool,206254,M. Kerkez,22.0,Hungary,https://media.api-sports.io/football/players/206254.png,Defender,34,2301,6.62,2,1,7,2,1068,26,41,14,22,12
39,Premier League,2025,40,Liverpool,397997,T. Nyoni,18.0,England,https://media.api-sports.io/football/players/397997.png,Midfielder,6,47,6.53,0,0,1,0,21,1,1,0,1,0
39,Premier League,2025,35,Bournemouth,1150,T. Adams,26.0,USA,https://media.api-sports.io/football/players/1150.png,Midfielder,25,1778,6.85,2,2,8,6,1008,7,50,33,12,6
39,Premier League,2025,35,Bournemouth,6610,M. Senesi,28.0,Argentina,https://media.api-sports.io/football/players/6610.png,Defender,37,3290,7.24,0,5,13,5,2319,24,62,55,9,6
39,Premier League,2025,35,Bournemouth,18869,A. Smith,34.0,England,https://media.api-sports.io/football/players/18869.png,Defender,22,1095,6.54,0,2,0,0,363,5,15,9,1,1
39,Premier League,2025,35,Bournemouth,18870,D. Brooks,28.0,Wales,https://media.api-sports.io/football/players/18870.png,Midfielder,31,1220,6.66,1,3,31,13,445,26,19,4,41,17
39,Premier League,2025,35,Bournemouth,19245,M. Tavernier,26.0,England,https://media.api-sports.io/football/players/19245.png,Midfielder,34,2738,6.84,7,4,51,24,1127,55,40,17,89,39
39,Premier League,2025,35,Bournemouth,19281,A. Semenyo,25.0,Ghana,https://media.api-sports.io/football/players/19281.png,Midfielder,20,1798,7.13,10,3,42,27,516,25,28,6,72,33
39,Premier League,2025,50,Manchester City,19281,A. Semenyo,25.0,Ghana,https://media.api-sports.io/football/players/19281.png,Midfielder,17,1402,6.94,7,1,27,14,420,14,17,7,56,21
39,Premier League,2025,35,Bournemouth,20093,J. Hill,23.0,England,https://media.api-sports.io/football/players/20093.png,Defender,29,2120,6.98,0,3,10,2,1038,13,39,39,2,2
39,Premier League,2025,35,Bournemouth,22136,B. Diakité,24.0,France,https://media.api-sports.io/football/players/22136.png,Defender,18,1286,6.66,0,0,1,0,749,3,20,12,3,0
39,Premier League,2025,35,Bournemouth,31057,H. Traorè,25.0,Côte d'Ivoire,https://media.api-sports.io/football/players/31057.png,Midfielder,1,16,6.3,0,1,0,0,2,1,1,0,1,0
39,Premier League,2025,35,Bournemouth,118307,Đ. Petrović,26.0,Serbia,https://media.api-sports.io/football/players/118307.png,Goalkeeper,38,3420,6.87,0,0,0,0,903,0,0,0,0,0
39,Premier League,2025,35,Bournemouth,152856,Evanilson,26.0,Brazil,https://media.api-sports.io/football/players/152856.png,Attacker,36,2759,6.61,6,1,57,22,465,31,13,8,32,16
39,Premier League,2025,35,Bournemouth,162267,A. Truffert,24.0,France,https://media.api-sports.io/football/players/162267.png,Defender,38,3380,6.83,1,5,11,6,1560,32,103,48,73,33
39,Premier League,2025,35,Bournemouth,304853,A. Scott,22.0,England,https://media.api-sports.io/football/players/304853.png,Midfielder,37,2859,7.08,3,1,30,13,1393,28,60,36,52,29
39,Premier League,2025,35,Bournemouth,363333,J. Soler,20.0,Argentina,https://media.api-sports.io/football/players/363333.png,Defender,3,34,6.4,0,0,0,0,23,0,1,0,0,0
39,Premier League,2025,35,Bournemouth,368030,E. Kroupi,19.0,France,https://media.api-sports.io/football/players/368030.png,Attacker,33,1690,6.8,13,0,33,22,466,22,9,9,37,15
39,Premier League,2025,35,Bournemouth,402432,Ben Winterburn,21.0,England,https://media.api-sports.io/football/players/402432.png,Midfielder,1,13,6.2,0,0,0,0,1,0,0,0,0,0
39,Premier League,2025,40,Liverpool,452685,R. Ngumoha,17.0,England,https://media.api-sports.io/football/players/452685.png,Attacker,19,582,6.98,2,1,12,6,192,16,4,3,42,29
39,Premier League,2025,66,Aston Villa,249,D. Malen,26.0,Netherlands,https://media.api-sports.io/football/players/249.png,Attacker,21,680,6.6,4,1,21,9,94,7,4,0,20,8
39,Premier League,2025,66,Aston Villa,1904,B. Kamara,26.0,France,https://media.api-sports.io/football/players/1904.png,Midfielder,18,1418,7.11,1,3,4,4,818,15,37,18,31,14
39,Premier League,2025,66,Aston Villa,2724,L. Digne,32.0,France,https://media.api-sports.io/football/players/2724.png,Defender,31,1866,6.78,0,6,8,5,728,26,36,14,11,4
39,Premier League,2025,66,Aston Villa,2926,Y. Tielemans,28.0,Belgium,https://media.api-sports.io/football/players/2926.png,Midfielder,25,1874,7.21,0,4,17,7,1128,32,58,18,17,9
39,Premier League,2025,66,Aston Villa,19071,E. Buendía,29.0,Argentina,https://media.api-sports.io/football/players/19071.png,Midfielder,36,1796,6.85,6,2,36,13,655,30,49,13,30,9
39,Premier League,2025,66,Aston Villa,19170,M. Rogers,23.0,England,https://media.api-sports.io/football/players/19170.png,Midfielder,37,3285,6.84,10,6,58,32,1067,47,42,13,118,42
39,Premier League,2025,66,Aston Villa,19179,T. Mings,32.0,England,https://media.api-sports.io/football/players/19179.png,Defender,17,1335,6.69,0,0,5,1,932,5,5,11,6,2
39,Premier League,2025,66,Aston Villa,19191,J.  McGinn,31.0,Scotland,https://media.api-sports.io/football/players/19191.png,Midfielder,30,2169,6.95,5,4,21,12,753,41,29,12,39,19
39,Premier League,2025,66,Aston Villa,19298,M. Cash,28.0,Poland,https://media.api-sports.io/football/players/19298.png,Defender,35,3032,6.84,3,3,22,10,1390,31,66,22,20,11
39,Premier League,2025,66,Aston Villa,19354,E. Konsa,28.0,England,https://media.api-sports.io/football/players/19354.png,Defender,34,3036,7,0,0,7,2,2093,5,22,22,12,8
39,Premier League,2025,66,Aston Villa,19366,O. Watkins,30.0,England,https://media.api-sports.io/football/players/19366.png,Attacker,37,2864,6.87,16,3,60,38,477,23,22,6,56,26
39,Premier League,2025,66,Aston Villa,36878,M. Bizot,34.0,Netherlands,https://media.api-sports.io/football/players/36878.png,Goalkeeper,7,597,6.54,0,0,0,0,241,0,0,0,0,0
39,Premier League,2025,66,Aston Villa,46815,Pau Torres,28.0,Spain,https://media.api-sports.io/football/players/46815.png,Defender,21,1688,6.9,0,0,8,1,1166,1,22,11,11,7
39,Premier League,2025,66,Aston Villa,137303,E. Guessand,24.0,France,https://media.api-sports.io/football/players/137303.png,Attacker,13,597,6.41,0,1,7,5,93,4,18,1,25,7
39,Premier League,2025,52,Crystal Palace,137303,E. Guessand,24.0,France,https://media.api-sports.io/football/players/137303.png,Attacker,8,336,6.73,1,1,3,1,94,1,6,4,14,7
39,Premier League,2025,66,Aston Villa,138816,I. Maatsen,23.0,Netherlands,https://media.api-sports.io/football/players/138816.png,Defender,30,1627,6.59,0,1,14,5,715,26,43,19,51,21
39,Premier League,2025,66,Aston Villa,162714,A. Onana,24.0,Belgium,https://media.api-sports.io/football/players/162714.png,Midfielder,25,1788,7.03,2,0,15,7,849,7,48,24,13,7
39,Premier League,2025,66,Aston Villa,284457,L. Bogarde,21.0,Netherlands,https://media.api-sports.io/football/players/284457.png,Defender,28,1104,6.57,0,0,0,0,501,2,26,5,7,2
39,Premier League,2025,66,Aston Villa,360268,J. Jimoh,19.0,England,https://media.api-sports.io/football/players/360268.png,Midfielder,1,8,6.7,0,0,0,0,7,0,0,0,1,0
39,Premier League,2025,34,Newcastle,169,K. Trippier,35.0,England,https://media.api-sports.io/football/players/169.png,Defender,21,1592,6.71,0,1,2,0,1056,28,26,9,10,4
39,Premier League,2025,34,Newcastle,723,Joelinton,29.0,Brazil,https://media.api-sports.io/football/players/723.png,Midfielder,27,1953,6.8,2,1,23,11,839,17,43,29,30,16
39,Premier League,2025,34,Newcastle,2806,F. Schär,34.0,Switzerland,https://media.api-sports.io/football/players/2806.png,Defender,16,1091,7.12,0,0,13,4,796,4,14,18,1,0
39,Premier League,2025,34,Newcastle,2855,E. Krafth,31.0,Sweden,https://media.api-sports.io/football/players/2855.png,Defender,1,45,5.9,0,0,0,0,19,0,0,0,1,0
39,Premier League,2025,34,Newcastle,10135,Bruno Guimarães,28.0,Brazil,https://media.api-sports.io/football/players/10135.png,Midfielder,29,2455,7.47,9,5,36,23,1449,46,62,15,48,18
39,Premier League,2025,34,Newcastle,18778,H. Barnes,28.0,England,https://media.api-sports.io/football/players/18778.png,Attacker,37,1970,6.77,7,1,39,21,585,24,14,3,45,13
39,Premier League,2025,34,Newcastle,18911,N. Pope,33.0,England,https://media.api-sports.io/football/players/18911.png,Goalkeeper,27,2426,6.94,0,0,1,1,611,0,1,0,0,0
39,Premier League,2025,34,Newcastle,18961,D. Burn,33.0,England,https://media.api-sports.io/football/players/18961.png,Defender,29,2209,6.59,1,2,7,3,1054,7,40,21,3,2
39,Premier League,2025,34,Newcastle,19163,J. Murphy,30.0,England,https://media.api-sports.io/football/players/19163.png,Midfielder,33,1627,6.71,3,2,28,13,499,23,16,6,41,21
39,Premier League,2025,34,Newcastle,20355,A. Ramsdale,27.0,England,https://media.api-sports.io/football/players/20355.png,Goalkeeper,12,1003,6.61,0,0,0,0,400,1,0,0,0,0
39,Premier League,2025,34,Newcastle,31146,S. Tonali,25.0,Italy,https://media.api-sports.io/football/players/31146.png,Midfielder,35,2543,6.95,0,2,19,8,1562,32,35,30,31,19
39,Premier League,2025,34,Newcastle,38734,S. Botman,25.0,Netherlands,https://media.api-sports.io/football/players/38734.png,Defender,25,1847,7.04,1,1,11,4,1182,8,22,27,4,4
39,Premier League,2025,34,Newcastle,138787,A. Gordon,24.0,England,https://media.api-sports.io/football/players/138787.png,Attacker,26,1817,7.08,6,2,37,20,517,26,19,3,71,33
39,Premier League,2025,34,Newcastle,153430,A. Elanga,23.0,Sweden,https://media.api-sports.io/football/players/153430.png,Attacker,32,1347,6.57,0,1,12,4,423,15,14,3,42,13
39,Premier League,2025,34,Newcastle,158694,T. Livramento,23.0,England,https://media.api-sports.io/football/players/158694.png,Defender,17,1328,6.8,0,1,1,0,653,11,22,6,32,14
39,Premier League,2025,34,Newcastle,163189,M. Thiaw,24.0,Germany,https://media.api-sports.io/football/players/163189.png,Defender,35,2973,7.04,4,0,20,14,1693,6,44,30,8,8
39,Premier League,2025,34,Newcastle,284492,L. Hall,21.0,England,https://media.api-sports.io/football/players/284492.png,Defender,30,2188,6.88,1,1,14,6,1256,25,54,28,68,37
39,Premier League,2025,34,Newcastle,315237,W. Osula,22.0,Denmark,https://media.api-sports.io/football/players/315237.png,Attacker,24,863,6.8,7,0,16,12,81,6,6,1,16,8
39,Premier League,2025,34,Newcastle,328105,L. Miley,19.0,England,https://media.api-sports.io/football/players/328105.png,Midfielder,23,1494,6.95,1,4,8,4,840,15,29,20,14,12
39,Premier League,2025,51,Brighton,296,J. Milner,39.0,England,https://media.api-sports.io/football/players/296.png,Midfielder,20,802,6.72,1,1,6,2,485,8,15,6,2,1
39,Premier League,2025,51,Brighton,537,J. Veltman,33.0,Netherlands,https://media.api-sports.io/football/players/537.png,Defender,24,1073,6.84,1,0,2,1,442,4,31,18,5,2
39,Premier League,2025,51,Brighton,1361,F. Kadıoğlu,26.0,Türkiye,https://media.api-sports.io/football/players/1361.png,Defender,37,3135,6.83,1,0,22,13,1362,22,58,26,22,12
39,Premier League,2025,51,Brighton,1469,D. Welbeck,35.0,England,https://media.api-sports.io/football/players/1469.png,Attacker,37,2268,6.68,13,1,46,28,487,20,24,9,27,11
39,Premier League,2025,51,Brighton,18963,L. Dunk,34.0,England,https://media.api-sports.io/football/players/18963.png,Defender,33,2844,6.95,1,0,19,3,2484,7,34,30,4,4
39,Premier League,2025,51,Brighton,19030,M. O&apos;Riley,25.0,Denmark,https://media.api-sports.io/football/players/19030.png,Midfielder,6,203,6.65,1,0,4,2,70,4,5,0,1,0
39,Premier League,2025,51,Brighton,22160,O. Boscagli,28.0,France,https://media.api-sports.io/football/players/22160.png,Defender,12,819,6.96,0,1,1,0,754,4,16,18,2,2
39,Premier League,2025,51,Brighton,38695,J. van Hecke,25.0,Netherlands,https://media.api-sports.io/football/players/38695.png,Defender,36,3211,7.26,3,3,16,10,2518,13,53,47,5,3
39,Premier League,2025,51,Brighton,90590,G. Rutter,23.0,France,https://media.api-sports.io/football/players/90590.png,Attacker,32,1804,6.63,3,3,28,14,435,25,32,11,66,28
39,Premier League,2025,51,Brighton,92993,M. Wieffer,26.0,Netherlands,https://media.api-sports.io/football/players/92993.png,Defender,26,1914,6.74,2,3,13,6,878,20,66,25,20,9
39,Premier League,2025,51,Brighton,106835,K. Mitoma,28.0,Japan,https://media.api-sports.io/football/players/106835.png,Midfielder,25,1721,6.81,3,1,24,13,572,31,18,8,62,27
39,Premier League,2025,51,Brighton,129058,B. Verbruggen,23.0,Netherlands,https://media.api-sports.io/football/players/129058.png,Goalkeeper,38,3420,7.05,0,0,0,0,1553,1,1,0,1,1
39,Premier League,2025,51,Brighton,162007,M. De Cuyper,25.0,Belgium,https://media.api-sports.io/football/players/162007.png,Defender,30,1443,6.86,2,3,9,6,689,33,23,12,17,7
39,Premier League,2025,51,Brighton,265820,Y. Ayari,22.0,Sweden,https://media.api-sports.io/football/players/265820.png,Midfielder,29,1941,6.76,3,3,30,10,960,16,46,26,48,18
39,Premier League,2025,51,Brighton,278370,D. Gómez,22.0,Paraguay,https://media.api-sports.io/football/players/278370.png,Midfielder,32,2137,6.74,5,1,31,14,752,20,78,18,41,19
39,Premier League,2025,51,Brighton,328225,B. Gruda,21.0,Germany,https://media.api-sports.io/football/players/328225.png,Midfielder,18,740,6.61,1,1,12,6,247,16,14,2,53,20
39,Premier League,2025,51,Brighton,356041,C. Baleba,21.0,Cameroon,https://media.api-sports.io/football/players/356041.png,Midfielder,31,1677,6.63,0,0,12,2,747,9,37,28,25,12
39,Premier League,2025,51,Brighton,383685,Y. Minteh,21.0,Gambia,https://media.api-sports.io/football/players/383685.png,Midfielder,34,2398,6.85,3,4,26,11,628,46,55,17,121,65
39,Premier League,2025,36,Fulham,131,Jorge Cuenca,26.0,Spain,https://media.api-sports.io/football/players/131.png,Defender,15,965,6.85,0,0,1,0,626,3,16,15,5,2
39,Premier League,2025,36,Fulham,657,K. Tete,30.0,Netherlands,https://media.api-sports.io/football/players/657.png,Defender,22,1802,6.93,1,0,10,3,886,11,64,27,22,8
39,Premier League,2025,36,Fulham,1161,E. Smith Rowe,25.0,England,https://media.api-sports.io/football/players/1161.png,Midfielder,37,1944,6.65,3,0,25,11,920,18,35,22,29,14
39,Premier League,2025,36,Fulham,1438,B. Leno,33.0,Germany,https://media.api-sports.io/football/players/1438.png,Goalkeeper,38,3429,6.92,0,0,0,0,1393,0,4,1,0,0
39,Premier League,2025,36,Fulham,1455,A. Iwobi,29.0,Nigeria,https://media.api-sports.io/football/players/1455.png,Midfielder,29,2443,7.07,4,3,24,15,1430,43,28,15,45,19
39,Premier League,2025,36,Fulham,1934,S. Berge,27.0,Norway,https://media.api-sports.io/football/players/1934.png,Midfielder,35,2920,6.89,0,1,8,3,1727,21,58,25,22,10
39,Premier League,2025,36,Fulham,2729,J. Andersen,29.0,Denmark,https://media.api-sports.io/football/players/2729.png,Defender,33,2884,7.04,0,1,13,4,2275,7,45,36,7,6
39,Premier League,2025,36,Fulham,2823,S. Lukić,29.0,Serbia,https://media.api-sports.io/football/players/2823.png,Midfielder,26,1734,6.6,1,2,13,6,730,28,49,18,11,6
39,Premier League,2025,36,Fulham,2887,R. Jiménez,34.0,Mexico,https://media.api-sports.io/football/players/2887.png,Attacker,36,2216,6.68,9,3,53,19,517,25,34,8,28,11
39,Premier League,2025,36,Fulham,2920,T. Castagne,30.0,Belgium,https://media.api-sports.io/football/players/2920.png,Defender,30,1881,6.75,0,0,9,6,796,18,40,31,6,3
39,Premier League,2025,36,Fulham,18753,Adama Traoré,29.0,Spain,https://media.api-sports.io/football/players/18753.png,Attacker,15,318,6.51,0,0,3,1,78,3,1,0,10,6
39,Premier League,2025,48,West Ham,18753,Adama Traoré,29.0,Spain,https://media.api-sports.io/football/players/18753.png,Attacker,9,132,6.41,0,0,1,0,25,0,1,0,10,6
39,Premier League,2025,36,Fulham,18814,I. Diop,28.0,France,https://media.api-sports.io/football/players/18814.png,Defender,13,827,6.64,1,0,2,1,494,0,7,6,1,1
39,Premier League,2025,36,Fulham,19025,T. Cairney,34.0,Scotland,https://media.api-sports.io/football/players/19025.png,Midfielder,24,814,6.81,2,0,10,2,690,11,7,4,8,4
39,Premier League,2025,36,Fulham,19221,H. Wilson,28.0,Wales,https://media.api-sports.io/football/players/19221.png,Midfielder,36,2701,7.11,10,7,51,25,777,39,29,15,33,18
39,Premier League,2025,36,Fulham,19480,H. Reed,30.0,England,https://media.api-sports.io/football/players/19480.png,Midfielder,7,126,6.89,1,0,1,1,43,3,0,0,0,0
39,Premier League,2025,36,Fulham,152967,C. Bassey,26.0,Nigeria,https://media.api-sports.io/football/players/152967.png,Defender,30,2553,6.87,1,0,6,1,1707,10,62,22,20,10
39,Premier League,2025,36,Fulham,195106,Rodrigo Muniz,24.0,Brazil,https://media.api-sports.io/football/players/195106.png,Attacker,21,997,6.52,1,1,21,5,133,8,8,2,12,5
39,Premier League,2025,51,Brighton,342063,D. Coppola,22.0,Italy,https://media.api-sports.io/football/players/342063.png,Defender,5,201,6.7,0,0,0,0,114,0,2,1,1,1
39,Premier League,2025,36,Fulham,389315,Joshua King,18.0,England,https://media.api-sports.io/football/players/389315.png,Midfielder,32,1319,6.62,1,2,21,11,347,15,27,3,37,16
39,Premier League,2025,65,Nottingham Forest,2298,C. Hudson-Odoi,25.0,England,https://media.api-sports.io/football/players/2298.png,Midfielder,30,1849,6.9,3,4,20,10,657,44,14,8,58,30
39,Premier League,2025,65,Nottingham Forest,2771,O. Aina,29.0,Nigeria,https://media.api-sports.io/football/players/2771.png,Defender,18,1590,6.9,0,0,9,1,629,10,31,25,34,15
39,Premier League,2025,65,Nottingham Forest,2817,N. Milenković,28.0,Serbia,https://media.api-sports.io/football/players/2817.png,Defender,38,3375,6.83,0,0,14,1,1537,3,31,29,3,3
39,Premier League,2025,65,Nottingham Forest,2919,M. Sels,33.0,Belgium,https://media.api-sports.io/football/players/2919.png,Goalkeeper,31,2667,6.83,0,0,0,0,787,1,1,0,0,0
39,Premier League,2025,65,Nottingham Forest,9366,Igor Jesus,24.0,Brazil,https://media.api-sports.io/football/players/9366.png,Attacker,37,2320,6.6,6,4,39,21,458,15,24,3,39,11
39,Premier League,2025,65,Nottingham Forest,18746,M. Gibbs-White,25.0,England,https://media.api-sports.io/football/players/18746.png,Midfielder,37,3110,6.92,15,4,59,32,1208,49,20,13,63,30
39,Premier League,2025,65,Nottingham Forest,18931,C. Wood,34.0,New Zealand,https://media.api-sports.io/football/players/18931.png,Attacker,15,906,6.61,3,0,23,9,161,5,1,1,2,1
39,Premier League,2025,65,Nottingham Forest,18933,A. Gunn,29.0,Scotland,https://media.api-sports.io/football/players/18933.png,Goalkeeper,1,45,6.3,0,0,0,0,19,0,0,0,0,0
39,Premier League,2025,65,Nottingham Forest,19305,R. Yates,28.0,England,https://media.api-sports.io/football/players/19305.png,Midfielder,22,629,6.69,0,2,5,2,260,5,16,9,2,1
39,Premier League,2025,65,Nottingham Forest,22149,I. Sangaré,28.0,Côte d'Ivoire,https://media.api-sports.io/football/players/22149.png,Midfielder,28,2080,6.97,2,2,14,5,955,12,60,25,23,11
39,Premier League,2025,65,Nottingham Forest,48648,D. Ndoye,25.0,Switzerland,https://media.api-sports.io/football/players/48648.png,Midfielder,24,1176,6.63,1,1,11,4,282,14,23,10,33,13
39,Premier League,2025,65,Nottingham Forest,67943,Morato,24.0,Brazil,https://media.api-sports.io/football/players/67943.png,Defender,21,1366,6.94,1,0,5,2,756,2,30,11,5,5
39,Premier League,2025,65,Nottingham Forest,138780,N. Williams,24.0,Wales,https://media.api-sports.io/football/players/138780.png,Defender,37,3206,6.93,2,3,28,19,1325,37,96,47,71,31
39,Premier League,2025,65,Nottingham Forest,138908,E. Anderson,23.0,Scotland,https://media.api-sports.io/football/players/138908.png,Midfielder,38,3334,7.35,4,4,26,10,2383,55,104,40,91,50
39,Premier League,2025,65,Nottingham Forest,141901,Jota Silva,26.0,Portugal,https://media.api-sports.io/football/players/141901.png,Attacker,1,11,6.7,0,0,0,0,2,0,2,0,0,0
39,Premier League,2025,65,Nottingham Forest,329357,Z. Abbott,19.0,England,https://media.api-sports.io/football/players/329357.png,Defender,3,165,6.47,0,0,0,0,62,0,4,1,3,1
39,Premier League,2025,65,Nottingham Forest,362711,Jair,20.0,Brazil,https://media.api-sports.io/football/players/362711.png,Defender,9,525,6.64,0,0,1,1,221,1,9,5,4,2
39,Premier League,2025,65,Nottingham Forest,363695,Murillo,23.0,Brazil,https://media.api-sports.io/football/players/363695.png,Defender,25,2133,7.02,1,0,6,4,1132,8,35,34,14,9
39,Premier League,2025,55,Brentford,281,C. Kelleher,27.0,Republic of Ireland,https://media.api-sports.io/football/players/281.png,Goalkeeper,37,3341,7.04,0,0,0,0,1296,3,1,1,3,3
39,Premier League,2025,55,Brentford,292,J. Henderson,35.0,England,https://media.api-sports.io/football/players/292.png,Midfielder,32,1929,6.8,1,3,4,1,1158,19,27,17,8,3
39,Premier League,2025,55,Brentford,1119,K. Ajer,27.0,Norway,https://media.api-sports.io/football/players/1119.png,Defender,27,1820,6.66,0,1,8,3,704,4,37,18,11,3
39,Premier League,2025,65,Nottingham Forest,8598,T. Awoniyi,28.0,Nigeria,https://media.api-sports.io/football/players/8598.png,Attacker,17,502,6.68,4,1,14,8,75,6,2,1,4,2
39,Premier League,2025,55,Brentford,15799,F. Onyeka,27.0,Nigeria,https://media.api-sports.io/football/players/15799.png,Midfielder,6,88,6.64,0,1,0,0,36,1,2,0,4,2
39,Premier League,2025,55,Brentford,19346,R. Henry,28.0,England,https://media.api-sports.io/football/players/19346.png,Defender,25,1334,6.45,0,1,4,0,481,4,15,8,30,15
39,Premier League,2025,55,Brentford,19495,N. Collins,24.0,Republic of Ireland,https://media.api-sports.io/football/players/19495.png,Defender,35,2983,6.77,1,2,16,6,1749,11,31,36,10,7
39,Premier League,2025,55,Brentford,36922,S. van den Berg,24.0,Netherlands,https://media.api-sports.io/football/players/36922.png,Defender,32,2772,6.84,0,2,20,7,1422,7,23,29,1,1
39,Premier League,2025,55,Brentford,44871,A. Hickey,23.0,Scotland,https://media.api-sports.io/football/players/44871.png,Defender,21,727,6.65,0,0,5,1,285,0,15,8,7,0
39,Premier League,2025,55,Brentford,47438,M. Jensen,29.0,Denmark,https://media.api-sports.io/football/players/47438.png,Midfielder,36,2277,6.95,3,1,19,8,1118,35,41,21,35,19
39,Premier League,2025,55,Brentford,61742,H. Valdimarsson,24.0,Iceland,https://media.api-sports.io/football/players/61742.png,Goalkeeper,1,90,6.3,0,0,0,0,41,0,0,0,0,0
39,Premier League,2025,55,Brentford,106725,K. Lewis-Potter,24.0,England,https://media.api-sports.io/football/players/106725.png,Midfielder,36,1990,6.65,3,3,19,9,567,19,23,12,44,16
39,Premier League,2025,55,Brentford,153066,Fábio Carvalho,23.0,Portugal,https://media.api-sports.io/football/players/153066.png,Midfielder,6,128,6.72,1,0,2,1,25,0,3,0,3,1
39,Premier League,2025,55,Brentford,178077,K. Schade,24.0,Germany,https://media.api-sports.io/football/players/178077.png,Midfielder,35,2768,6.75,8,3,45,24,528,29,40,18,75,20
39,Premier League,2025,55,Brentford,196156,Thiago,24.0,Brazil,https://media.api-sports.io/football/players/196156.png,Attacker,38,3295,6.94,22,1,67,43,628,24,38,12,53,29
39,Premier League,2025,55,Brentford,263538,Y. Yarmolyuk,21.0,Ukraine,https://media.api-sports.io/football/players/263538.png,Midfielder,37,2675,6.73,1,2,12,4,1347,15,70,28,42,15
39,Premier League,2025,55,Brentford,319517,A. Milambo,20.0,Netherlands,https://media.api-sports.io/football/players/319517.png,Midfielder,1,45,6.6,0,0,0,0,11,0,3,0,0,0
39,Premier League,2025,55,Brentford,342022,M. Kayode,21.0,Italy,https://media.api-sports.io/football/players/342022.png,Defender,37,3275,6.88,1,1,5,3,1138,36,66,38,107,55
39,Premier League,2025,746,Sunderland,1464,G. Xhaka,33.0,Switzerland,https://media.api-sports.io/football/players/1464.png,Midfielder,34,2916,7.32,1,6,15,5,1806,34,50,29,24,11
39,Premier League,2025,746,Sunderland,6168,O. Alderete,29.0,Paraguay,https://media.api-sports.io/football/players/6168.png,Defender,33,2802,6.83,1,1,17,9,1304,9,32,36,21,17
39,Premier League,2025,746,Sunderland,19910,D. Neil,24.0,England,https://media.api-sports.io/football/players/19910.png,Midfielder,3,13,6.7,0,0,0,0,9,0,0,1,0,0
39,Premier League,2025,746,Sunderland,20638,E. Le Fée,25.0,France,https://media.api-sports.io/football/players/20638.png,Midfielder,36,2953,6.91,5,6,24,12,1112,53,89,29,46,13
39,Premier League,2025,746,Sunderland,22225,Reinildo,31.0,Mozambique,https://media.api-sports.io/football/players/22225.png,Defender,25,1982,6.67,0,1,2,0,815,6,39,30,27,15
39,Premier League,2025,746,Sunderland,47521,P. Roberts,28.0,England,https://media.api-sports.io/football/players/47521.png,Midfielder,1,27,6.5,0,0,0,0,20,0,0,0,1,1
39,Premier League,2025,746,Sunderland,55904,D. Ballard,26.0,Northern Ireland,https://media.api-sports.io/football/players/55904.png,Defender,29,2148,6.83,2,0,21,9,1103,15,33,20,5,3
39,Premier League,2025,746,Sunderland,84087,W. Isidor,25.0,France,https://media.api-sports.io/football/players/84087.png,Attacker,32,1186,6.65,6,0,31,17,135,0,11,1,24,6
39,Premier League,2025,746,Sunderland,119121,T. Hume,23.0,Northern Ireland,https://media.api-sports.io/football/players/119121.png,Defender,38,3050,6.78,2,1,22,7,1047,29,67,26,19,5
39,Premier League,2025,55,Brentford,180308,M. Peart-Harris,23.0,England,https://media.api-sports.io/football/players/180308.png,Midfielder,1,1,,0,0,0,0,0,0,0,0,0,0
39,Premier League,2025,746,Sunderland,194536,R. Roefs,22.0,Netherlands,https://media.api-sports.io/football/players/194536.png,Goalkeeper,35,3163,6.98,0,0,0,0,1320,4,0,0,1,1
39,Premier League,2025,746,Sunderland,290545,J. Seelt,22.0,Netherlands,https://media.api-sports.io/football/players/290545.png,Defender,2,134,6.95,0,0,0,0,109,0,4,0,0,0
39,Premier League,2025,746,Sunderland,301771,S. Adingra,23.0,Côte d'Ivoire,https://media.api-sports.io/football/players/301771.png,Attacker,14,665,6.5,1,0,4,2,161,7,11,2,26,7
39,Premier League,2025,746,Sunderland,327631,H. Diarra,21.0,France,https://media.api-sports.io/football/players/327631.png,Midfielder,20,1420,6.72,2,2,22,8,436,7,14,4,22,6
39,Premier League,2025,746,Sunderland,336659,C. Talbi,20.0,Morocco,https://media.api-sports.io/football/players/336659.png,Attacker,28,1561,6.63,4,1,20,10,402,12,11,2,36,16
39,Premier League,2025,746,Sunderland,339201,C. Rigg,18.0,England,https://media.api-sports.io/football/players/339201.png,Midfielder,18,777,6.58,1,1,9,3,213,9,13,4,13,7
39,Premier League,2025,746,Sunderland,349799,Eliezer Mayenda,20.0,Spain,https://media.api-sports.io/football/players/349799.png,Attacker,20,770,6.58,2,0,8,6,85,4,5,1,32,11
39,Premier League,2025,746,Sunderland,365331,N. Sadiki,21.0,Belgium,https://media.api-sports.io/football/players/365331.png,Midfielder,33,2907,6.76,0,1,9,5,1105,19,46,34,44,27
39,Premier League,2025,48,West Ham,138,J. Todibo,26.0,France,https://media.api-sports.io/football/players/138.png,Defender,23,1817,6.54,0,1,1,0,781,5,37,17,9,4
39,Premier League,2025,48,West Ham,171,K. Walker-Peters,28.0,England,https://media.api-sports.io/football/players/171.png,Defender,23,1401,6.69,1,0,5,3,596,7,44,9,24,16
39,Premier League,2025,48,West Ham,253,A. Areola,32.0,France,https://media.api-sports.io/football/players/253.png,Goalkeeper,20,1800,6.76,0,1,0,0,541,1,0,1,0,0
39,Premier League,2025,48,West Ham,1243,T. Souček,30.0,Czechia,https://media.api-sports.io/football/players/1243.png,Midfielder,35,2220,6.77,5,0,21,14,894,11,44,16,11,4
39,Premier League,2025,48,West Ham,1445,K. Mavropanos,28.0,Greece,https://media.api-sports.io/football/players/1445.png,Defender,31,2540,7.06,3,0,20,8,1169,4,40,49,2,2
39,Premier League,2025,48,West Ham,1646,Lucas Paquetá,28.0,Brazil,https://media.api-sports.io/football/players/1646.png,Attacker,18,1521,6.89,4,1,17,11,788,23,39,8,42,16
39,Premier League,2025,48,West Ham,2476,G. Rodríguez,31.0,Argentina,https://media.api-sports.io/football/players/2476.png,Midfielder,6,177,6.58,0,0,0,0,76,0,1,2,0,0
39,Premier League,2025,48,West Ham,2938,J. Ward-Prowse,31.0,England,https://media.api-sports.io/football/players/2938.png,Midfielder,5,415,6.9,0,0,0,0,193,12,4,5,1,0
39,Premier League,2025,44,Burnley,2938,J. Ward-Prowse,31.0,England,https://media.api-sports.io/football/players/2938.png,Midfielder,13,694,6.8,0,1,2,2,421,11,11,15,6,2
39,Premier League,2025,48,West Ham,2939,C. Wilson,33.0,England,https://media.api-sports.io/football/players/2939.png,Attacker,32,1267,6.66,7,1,28,16,155,8,4,3,26,12
39,Premier League,2025,48,West Ham,15870,M. Hermansen,25.0,Denmark,https://media.api-sports.io/football/players/15870.png,Goalkeeper,18,1625,6.78,0,1,0,0,593,2,0,0,0,0
39,Premier League,2025,48,West Ham,18744,M. Kilman,28.0,England,https://media.api-sports.io/football/players/18744.png,Defender,21,1565,6.6,0,0,5,1,687,4,16,9,5,4
39,Premier League,2025,48,West Ham,18846,A. Wan-Bissaka,28.0,England,https://media.api-sports.io/football/players/18846.png,Midfielder,25,2084,6.64,0,2,0,0,736,18,34,39,33,16
39,Premier League,2025,48,West Ham,19428,J. Bowen,29.0,England,https://media.api-sports.io/football/players/19428.png,Attacker,38,3410,6.99,9,11,50,28,793,45,49,27,119,53
39,Premier League,2025,48,West Ham,21694,N. Aguerd,29.0,Morocco,https://media.api-sports.io/football/players/21694.png,Defender,2,180,6.25,0,0,2,0,115,0,1,1,1,1
39,Premier League,2025,48,West Ham,25391,N. Füllkrug,32.0,Germany,https://media.api-sports.io/football/players/25391.png,Attacker,8,408,6.08,0,0,7,3,93,7,2,2,0,0
39,Premier League,2025,48,West Ham,68466,A. Irving,25.0,Scotland,https://media.api-sports.io/football/players/68466.png,Midfielder,7,163,6.6,0,0,0,0,92,3,6,1,1,0
39,Premier League,2025,48,West Ham,284446,F. Potts,22.0,England,https://media.api-sports.io/football/players/284446.png,Midfielder,22,1167,6.82,0,1,1,1,530,8,29,17,8,2
39,Premier League,2025,48,West Ham,327730,O. Scarles,20.0,England,https://media.api-sports.io/football/players/327730.png,Defender,13,668,6.58,0,0,3,0,275,5,30,13,9,2
39,Premier League,2025,746,Sunderland,392270,Marc Guiu,19.0,Spain,https://media.api-sports.io/football/players/392270.png,Attacker,2,23,6.25,0,0,1,0,5,0,0,0,0,0
39,Premier League,2025,49,Chelsea,392270,Marc Guiu,19.0,Spain,https://media.api-sports.io/football/players/392270.png,Attacker,8,253,6.33,0,1,10,2,27,3,0,0,4,1
39,Premier League,2025,48,West Ham,409303,E. Diouf,21.0,Senegal,https://media.api-sports.io/football/players/409303.png,Midfielder,32,2716,6.74,0,5,13,4,1037,30,44,33,47,23
39,Premier League,2025,47,Tottenham,863,R. Bentancur,28.0,Uruguay,https://media.api-sports.io/football/players/863.png,Midfielder,26,1892,6.76,1,1,9,3,1017,10,56,34,31,19
39,Premier League,2025,47,Tottenham,2413,Richarlison,28.0,Brazil,https://media.api-sports.io/football/players/2413.png,Attacker,32,1957,6.83,11,4,47,26,319,20,27,5,30,11
39,Premier League,2025,47,Tottenham,15911,M. Kudus,25.0,Ghana,https://media.api-sports.io/football/players/15911.png,Attacker,19,1545,6.89,2,5,16,9,444,25,29,3,102,52
39,Premier League,2025,47,Tottenham,18883,D. Solanke,28.0,England,https://media.api-sports.io/football/players/18883.png,Attacker,15,1000,6.87,3,0,14,11,158,6,22,3,24,11
39,Premier League,2025,47,Tottenham,19235,D. Spence,25.0,England,https://media.api-sports.io/football/players/19235.png,Defender,30,2090,6.56,0,0,10,8,882,10,43,17,76,31
39,Premier League,2025,47,Tottenham,25287,K. Danso,27.0,Austria,https://media.api-sports.io/football/players/25287.png,Defender,24,1519,6.86,0,0,6,2,952,2,27,24,3,2
39,Premier League,2025,47,Tottenham,30776,C. Romero,27.0,Argentina,https://media.api-sports.io/football/players/30776.png,Defender,23,1872,7.13,4,1,15,6,1128,12,58,31,10,8
39,Premier League,2025,47,Tottenham,31354,G. Vicario,29.0,Italy,https://media.api-sports.io/football/players/31354.png,Goalkeeper,31,2790,6.87,0,0,0,0,1071,1,1,0,0,0
39,Premier League,2025,47,Tottenham,41104,João Palhinha,30.0,Portugal,https://media.api-sports.io/football/players/41104.png,Midfielder,33,2210,7.04,5,2,19,9,1042,8,110,30,23,10
39,Premier League,2025,47,Tottenham,47519,Pedro Porro,26.0,Spain,https://media.api-sports.io/football/players/47519.png,Defender,34,2810,6.89,1,2,23,8,1469,56,75,29,45,19
39,Premier League,2025,47,Tottenham,129711,B. Johnson,24.0,Wales,https://media.api-sports.io/football/players/129711.png,Attacker,16,628,6.63,2,0,5,2,140,6,13,2,10,3
39,Premier League,2025,52,Crystal Palace,129711,B. Johnson,24.0,Wales,https://media.api-sports.io/football/players/129711.png,Attacker,18,1124,6.54,0,1,11,3,242,13,16,2,19,6
39,Premier League,2025,47,Tottenham,152849,M. van de Ven,24.0,Netherlands,https://media.api-sports.io/football/players/152849.png,Defender,35,3055,6.73,4,1,13,6,1762,6,39,23,15,11
39,Premier League,2025,47,Tottenham,237129,P. Sarr,23.0,Senegal,https://media.api-sports.io/football/players/237129.png,Midfielder,26,1410,6.82,2,4,10,6,631,11,33,18,22,13
39,Premier League,2025,47,Tottenham,265826,A. Kinský,22.0,Czechia,https://media.api-sports.io/football/players/265826.png,Goalkeeper,7,642,6.87,0,0,0,0,219,0,0,0,0,0
39,Premier League,2025,47,Tottenham,270510,M. Tel,20.0,France,https://media.api-sports.io/football/players/270510.png,Attacker,31,1358,6.74,4,1,24,8,358,30,19,6,78,39
39,Premier League,2025,47,Tottenham,328089,A. Gray,19.0,England,https://media.api-sports.io/football/players/328089.png,Midfielder,24,1512,6.58,2,2,8,5,539,8,11,17,16,7
39,Premier League,2025,47,Tottenham,336564,W. Odobert,21.0,France,https://media.api-sports.io/football/players/336564.png,Attacker,24,990,6.61,0,2,18,8,325,20,9,1,42,24
39,Premier League,2025,47,Tottenham,347316,L. Bergvall,19.0,Sweden,https://media.api-sports.io/football/players/347316.png,Midfielder,23,979,6.57,1,3,11,5,305,5,22,2,24,15
39,Premier League,2025,44,Burnley,22,J. Bruun Larsen,27.0,Denmark,https://media.api-sports.io/football/players/22.png,Attacker,28,1038,6.5,0,1,10,4,292,12,12,6,35,10
39,Premier League,2025,47,Tottenham,164,B. Davies,32.0,Wales,https://media.api-sports.io/football/players/164.png,Defender,3,138,6.93,1,0,2,2,66,1,5,1,0,0
39,Premier League,2025,44,Burnley,627,K. Walker,35.0,England,https://media.api-sports.io/football/players/627.png,Defender,36,3097,6.61,0,2,1,0,1440,13,56,45,27,13
39,Premier League,2025,44,Burnley,1746,J. Worrall,29.0,England,https://media.api-sports.io/football/players/1746.png,Defender,11,517,6.52,0,0,1,0,155,0,4,5,0,0
39,Premier League,2025,44,Burnley,18886,M. Dúbravka,36.0,Slovakia,https://media.api-sports.io/football/players/18886.png,Goalkeeper,35,3150,6.99,0,0,0,0,1204,0,1,0,0,0
39,Premier League,2025,44,Burnley,19827,J. Cullen,29.0,Republic of Ireland,https://media.api-sports.io/football/players/19827.png,Midfielder,18,1519,6.91,2,2,7,6,866,13,31,22,6,2
39,Premier League,2025,44,Burnley,20303,J. Laurent,30.0,England,https://media.api-sports.io/football/players/20303.png,Midfielder,33,1783,6.45,1,0,10,4,642,12,48,27,19,9
39,Premier League,2025,44,Burnley,36927,Z. Flemming,27.0,Netherlands,https://media.api-sports.io/football/players/36927.png,Midfielder,29,1807,6.83,11,0,38,21,278,10,17,7,11,4
39,Premier League,2025,44,Burnley,37882,M. Edwards,27.0,England,https://media.api-sports.io/football/players/37882.png,Attacker,23,1073,6.67,1,3,14,6,338,20,11,2,38,14
39,Premier League,2025,44,Burnley,47903,H. Ekdal,27.0,Sweden,https://media.api-sports.io/football/players/47903.png,Defender,19,1539,6.67,0,0,4,1,681,4,24,12,4,2
39,Premier League,2025,44,Burnley,98936,L. Foster,25.0,South Africa,https://media.api-sports.io/football/players/98936.png,Attacker,26,1372,6.47,3,2,13,6,281,10,16,4,22,10
39,Premier League,2025,44,Burnley,128895,O. Sonne,25.0,Denmark,https://media.api-sports.io/football/players/128895.png,Defender,7,165,6.73,1,0,3,1,59,1,2,1,3,1
39,Premier League,2025,44,Burnley,161621,L. Tchaouna,22.0,France,https://media.api-sports.io/football/players/161621.png,Attacker,29,1316,6.57,2,1,14,9,342,13,18,2,21,7
39,Premier League,2025,44,Burnley,179400,M. Estève,23.0,France,https://media.api-sports.io/football/players/179400.png,Defender,34,2937,6.64,0,0,9,1,1346,7,44,37,5,3
39,Premier League,2025,44,Burnley,180560,H. Mejbri,22.0,Tunisia,https://media.api-sports.io/football/players/180560.png,Midfielder,27,1253,6.72,1,4,11,5,509,21,29,8,34,20
39,Premier League,2025,44,Burnley,196855,J. Anthony,26.0,England,https://media.api-sports.io/football/players/196855.png,Midfielder,37,2743,6.78,8,2,42,23,896,37,42,15,100,35
39,Premier League,2025,44,Burnley,270508,L. Ugochukwu,21.0,France,https://media.api-sports.io/football/players/270508.png,Midfielder,35,2359,6.72,3,1,14,8,787,10,51,18,31,15
39,Premier League,2025,44,Burnley,328273,M. Weiß,21.0,Germany,https://media.api-sports.io/football/players/328273.png,Goalkeeper,3,270,7.67,0,0,0,0,111,1,0,0,0,0
39,Premier League,2025,44,Burnley,330238,Lucas Pires,24.0,Brazil,https://media.api-sports.io/football/players/330238.png,Defender,20,1406,6.59,0,0,10,4,561,20,29,20,28,18
39,Premier League,2025,44,Burnley,375915,Q. Hartman,24.0,Netherlands,https://media.api-sports.io/football/players/375915.png,Defender,21,1830,6.48,0,5,7,3,736,20,52,31,12,5
39,Premier League,2025,39,Wolves,285,K. Hoever,23.0,Netherlands,https://media.api-sports.io/football/players/285.png,Midfielder,8,428,6.56,0,0,1,1,154,5,13,6,8,5
39,Premier League,2025,39,Wolves,1590,José Sá,32.0,Portugal,https://media.api-sports.io/football/players/1590.png,Goalkeeper,23,2070,6.85,0,0,0,0,692,1,1,0,0,0
39,Premier League,2025,39,Wolves,2032,J. Strand Larsen,25.0,Norway,https://media.api-sports.io/football/players/2032.png,Attacker,22,1405,6.37,1,1,16,7,260,7,6,3,12,5
39,Premier League,2025,52,Crystal Palace,2032,J. Strand Larsen,25.0,Norway,https://media.api-sports.io/football/players/2032.png,Attacker,14,911,6.5,3,0,18,7,233,3,3,1,15,6
39,Premier League,2025,39,Wolves,3080,M. Munetsi,29.0,Zimbabwe,https://media.api-sports.io/football/players/3080.png,Attacker,13,877,6.6,1,1,12,6,169,3,21,7,9,5
39,Premier League,2025,39,Wolves,13708,J. Arias,28.0,Colombia,https://media.api-sports.io/football/players/13708.png,Midfielder,23,1121,6.63,1,0,10,3,398,11,43,8,20,8
39,Premier League,2025,39,Wolves,18742,M. Doherty,33.0,Republic of Ireland,https://media.api-sports.io/football/players/18742.png,Defender,11,791,6.55,0,0,1,0,297,3,16,7,2,2
39,Premier League,2025,39,Wolves,19143,S. Johnstone,32.0,England,https://media.api-sports.io/football/players/19143.png,Goalkeeper,12,1080,6.93,0,0,0,0,438,0,2,0,0,0
39,Premier League,2025,39,Wolves,20665,J. Bellegarde,27.0,France,https://media.api-sports.io/football/players/20665.png,Attacker,26,1251,6.78,1,1,15,7,426,14,28,10,30,18
39,Premier League,2025,39,Wolves,24888,Hwang Hee-Chan,29.0,Korea Republic,https://media.api-sports.io/football/players/24888.png,Attacker,26,1461,6.61,2,2,15,6,378,15,10,13,25,9
39,Premier League,2025,39,Wolves,41606,Toti Gomes,26.0,Portugal,https://media.api-sports.io/football/players/41606.png,Defender,19,1427,6.56,0,0,4,2,816,6,23,14,12,10
39,Premier League,2025,39,Wolves,135068,E. Agbadou,28.0,Côte d'Ivoire,https://media.api-sports.io/football/players/135068.png,Defender,14,1101,6.85,0,0,7,3,659,4,32,13,5,4
39,Premier League,2025,39,Wolves,135334,S. Bueno,27.0,Uruguay,https://media.api-sports.io/football/players/135334.png,Defender,29,2553,6.77,3,1,8,7,1083,10,50,27,2,0
39,Premier League,2025,39,Wolves,195103,João Gomes,24.0,Brazil,https://media.api-sports.io/football/players/195103.png,Midfielder,35,2843,6.78,1,1,13,7,1453,16,108,36,67,43
39,Premier League,2025,39,Wolves,195717,Y. Mosquera,24.0,Colombia,https://media.api-sports.io/football/players/195717.png,Defender,27,2142,6.68,0,0,22,6,793,11,62,29,23,9
39,Premier League,2025,39,Wolves,265782,D. Møller Wolfe,23.0,Norway,https://media.api-sports.io/football/players/265782.png,Midfielder,22,1061,6.57,0,2,1,0,260,8,10,7,8,5
39,Premier League,2025,39,Wolves,265784,André,24.0,Brazil,https://media.api-sports.io/football/players/265784.png,Midfielder,35,2766,6.81,1,0,5,1,1306,18,82,30,34,19
39,Premier League,2025,39,Wolves,280687,Hugo Bueno,23.0,Spain,https://media.api-sports.io/football/players/280687.png,Defender,35,2375,6.65,1,2,12,6,846,38,67,39,77,31
39,Premier League,2025,39,Wolves,282770,Rodrigo Gomes,22.0,Portugal,https://media.api-sports.io/football/players/282770.png,Defender,22,978,6.64,3,0,18,6,263,4,23,9,26,8
39,Premier League,2025,39,Wolves,391822,Fer López,21.0,Spain,https://media.api-sports.io/football/players/391822.png,Attacker,9,236,6.49,0,1,2,1,103,3,1,0,7,3
39,Premier League,2025,50,Manchester City,567,Rúben Dias,28.0,Portugal,https://media.api-sports.io/football/players/567.png,Defender,26,2161,7.17,2,0,7,4,1751,7,13,23,6,3
39,Premier League,2025,50,Manchester City,626,J. Stones,31.0,England,https://media.api-sports.io/football/players/626.png,Defender,9,449,6.5,0,0,0,0,299,1,1,3,2,2
39,Premier League,2025,50,Manchester City,636,Bernardo Silva,31.0,Portugal,https://media.api-sports.io/football/players/636.png,Midfielder,38,2890,6.85,2,4,17,7,2196,47,53,22,49,21
39,Premier League,2025,50,Manchester City,1100,E. Haaland,25.0,Norway,https://media.api-sports.io/football/players/1100.png,Attacker,35,2958,7.31,27,8,102,59,380,25,15,5,31,16
39,Premier League,2025,50,Manchester City,1422,J. Doku,23.0,Belgium,https://media.api-sports.io/football/players/1422.png,Attacker,30,1796,7.39,5,5,24,15,772,60,23,13,147,82
39,Premier League,2025,39,Wolves,7722,S. Kalajdzic,28.0,Austria,https://media.api-sports.io/football/players/7722.png,Attacker,1,14,6.2,0,0,0,0,5,0,0,1,1,0
39,Premier League,2025,50,Manchester City,18861,N. Aké,30.0,Netherlands,https://media.api-sports.io/football/players/18861.png,Defender,18,703,6.81,0,0,5,1,492,7,8,5,1,0
39,Premier League,2025,50,Manchester City,21138,R. Aït-Nouri,24.0,Algeria,https://media.api-sports.io/football/players/21138.png,Defender,17,988,6.92,0,2,8,2,588,12,34,13,42,22
39,Premier League,2025,65,Nottingham Forest,25004,S. Ortega,33.0,Germany,https://media.api-sports.io/football/players/25004.png,Goalkeeper,3,270,7.03,0,0,0,0,68,0,0,0,0,0
39,Premier League,2025,50,Manchester City,36902,T. Reijnders,27.0,Netherlands,https://media.api-sports.io/football/players/36902.png,Midfielder,28,1640,6.85,5,2,36,16,797,18,10,11,44,19
39,Premier League,2025,50,Manchester City,41621,Matheus Nunes,27.0,Portugal,https://media.api-sports.io/football/players/41621.png,Midfielder,34,2865,6.97,1,5,6,2,2154,28,58,30,57,28
39,Premier League,2025,50,Manchester City,81573,Omar Marmoush,26.0,Egypt,https://media.api-sports.io/football/players/81573.png,Attacker,21,734,6.7,3,3,21,9,163,12,13,2,22,10
39,Premier League,2025,50,Manchester City,156477,R. Cherki,22.0,France,https://media.api-sports.io/football/players/156477.png,Midfielder,33,1806,7.2,4,12,32,13,1271,61,26,7,105,50
39,Premier League,2025,50,Manchester City,161933,Nico González,23.0,Spain,https://media.api-sports.io/football/players/161933.png,Midfielder,25,1587,7,1,0,5,2,1306,11,42,24,17,12
39,Premier League,2025,50,Manchester City,162489,J. Trafford,23.0,England,https://media.api-sports.io/football/players/162489.png,Goalkeeper,4,372,7.08,0,0,0,0,118,0,2,0,1,1
39,Premier League,2025,50,Manchester City,278133,Oscar Bobb,22.0,Norway,https://media.api-sports.io/football/players/278133.png,Attacker,9,472,6.88,0,1,1,0,207,10,8,3,26,16
39,Premier League,2025,36,Fulham,278133,Oscar Bobb,22.0,Norway,https://media.api-sports.io/football/players/278133.png,Midfielder,14,578,6.75,0,0,7,3,194,12,13,6,19,11
39,Premier League,2025,50,Manchester City,284230,R. Lewis,21.0,England,https://media.api-sports.io/football/players/284230.png,Defender,11,435,6.63,0,1,2,0,283,7,6,7,4,2
39,Premier League,2025,50,Manchester City,307123,N. O&apos;Reilly,20.0,England,https://media.api-sports.io/football/players/307123.png,Midfielder,34,2648,6.88,5,3,28,15,1347,23,68,20,60,24
39,Premier League,2025,50,Manchester City,360114,A. Khusanov,21.0,Uzbekistan,https://media.api-sports.io/football/players/360114.png,Defender,21,1429,6.91,0,0,7,1,1080,6,27,33,9,7
39,Premier League,2025,49,Chelsea,1864,Pedro Neto,25.0,Portugal,https://media.api-sports.io/football/players/1864.png,Midfielder,34,2643,6.97,5,6,24,13,931,55,19,6,104,47
39,Premier League,2025,49,Chelsea,5996,E. Fernández,24.0,Argentina,https://media.api-sports.io/football/players/5996.png,Midfielder,36,3134,7.18,10,4,52,31,2035,69,53,21,48,13
39,Premier League,2025,49,Chelsea,10329,João Pedro,24.0,Brazil,https://media.api-sports.io/football/players/10329.png,Attacker,35,2687,7.07,15,5,52,28,694,29,27,6,77,40
39,Premier League,2025,49,Chelsea,18959,Robert Sánchez,28.0,Spain,https://media.api-sports.io/football/players/18959.png,Goalkeeper,35,3054,6.91,0,1,0,0,1305,5,2,1,0,0
39,Premier League,2025,49,Chelsea,19545,R. James,26.0,England,https://media.api-sports.io/football/players/19545.png,Defender,29,1973,7.19,2,4,13,7,1322,27,48,33,22,11
39,Premier League,2025,49,Chelsea,19720,T. Chalobah,26.0,England,https://media.api-sports.io/football/players/19720.png,Defender,34,2795,6.94,3,0,13,5,2280,5,35,36,9,7
39,Premier League,2025,49,Chelsea,22094,W. Fofana,25.0,France,https://media.api-sports.io/football/players/22094.png,Defender,25,1726,6.86,0,1,5,1,1250,3,19,40,14,10
39,Premier League,2025,49,Chelsea,47380,Marc Cucurella,27.0,Spain,https://media.api-sports.io/football/players/47380.png,Defender,34,2723,6.68,1,4,14,6,1443,39,55,32,3,1
39,Premier League,2025,49,Chelsea,116117,M. Caicedo,24.0,Ecuador,https://media.api-sports.io/football/players/116117.png,Midfielder,33,2802,7.17,3,1,14,7,2049,19,87,59,28,15
39,Premier League,2025,49,Chelsea,152982,C. Palmer,23.0,England,https://media.api-sports.io/football/players/152982.png,Midfielder,26,1978,7.04,10,1,43,25,819,25,25,15,67,22
39,Premier League,2025,49,Chelsea,161907,M. Gusto,22.0,France,https://media.api-sports.io/football/players/161907.png,Defender,34,2267,6.66,2,3,9,6,1260,28,53,31,24,12
39,Premier League,2025,49,Chelsea,161948,L. Delap,22.0,England,https://media.api-sports.io/football/players/161948.png,Attacker,28,1139,6.46,1,0,26,11,189,3,5,1,13,10
39,Premier League,2025,49,Chelsea,286616,F. Jörgensen,23.0,Denmark,https://media.api-sports.io/football/players/286616.png,Goalkeeper,5,378,6.68,0,0,0,0,171,0,0,1,1,1
39,Premier League,2025,49,Chelsea,286894,J. Bynoe-Gittens,21.0,England,https://media.api-sports.io/football/players/286894.png,Midfielder,16,495,6.6,0,2,4,2,149,9,8,2,21,13
39,Premier League,2025,49,Chelsea,305834,Andrey Santos,21.0,Brazil,https://media.api-sports.io/football/players/305834.png,Midfielder,27,1280,6.85,1,0,9,2,798,8,37,20,5,2
39,Premier League,2025,49,Chelsea,308678,Dário Essugo,20.0,Portugal,https://media.api-sports.io/football/players/308678.png,Midfielder,3,34,6.83,0,0,0,0,25,0,6,0,2,2
39,Premier League,2025,49,Chelsea,341642,J. Hato,19.0,Netherlands,https://media.api-sports.io/football/players/341642.png,Defender,22,1160,6.54,0,0,4,0,753,8,36,18,13,7
39,Premier League,2025,49,Chelsea,366735,Joshua Kofi Acheampong,19.0,England,https://media.api-sports.io/football/players/366735.png,Defender,17,700,6.59,1,0,2,2,477,2,11,11,14,11
39,Premier League,2025,49,Chelsea,425733,Estêvão,18.0,Brazil,https://media.api-sports.io/football/players/425733.png,Attacker,22,852,6.72,2,2,17,8,270,16,11,4,70,29
39,Premier League,2025,52,Crystal Palace,2218,I. Sarr,27.0,Senegal,https://media.api-sports.io/football/players/2218.png,Attacker,28,2176,6.83,9,1,37,21,473,19,18,8,31,11
39,Premier League,2025,52,Crystal Palace,2490,J. Lerma,31.0,Colombia,https://media.api-sports.io/football/players/2490.png,Midfielder,31,1731,6.72,0,2,14,7,868,14,30,25,7,3
39,Premier League,2025,52,Crystal Palace,13736,D. Muñoz,29.0,Colombia,https://media.api-sports.io/football/players/13736.png,Midfielder,29,2403,6.91,4,3,20,13,824,28,74,26,15,2
39,Premier League,2025,52,Crystal Palace,18806,W. Hughes,30.0,England,https://media.api-sports.io/football/players/18806.png,Midfielder,31,1577,6.78,0,0,10,0,677,21,27,15,18,11
39,Premier League,2025,52,Crystal Palace,18862,N. Clyne,34.0,England,https://media.api-sports.io/football/players/18862.png,Defender,10,604,6.59,0,1,2,0,185,3,16,5,7,4
39,Premier League,2025,52,Crystal Palace,19088,D. Henderson,28.0,England,https://media.api-sports.io/football/players/19088.png,Goalkeeper,37,3330,6.94,0,0,0,0,1115,1,1,2,1,1
39,Premier League,2025,52,Crystal Palace,19586,E. Eze,27.0,England,https://media.api-sports.io/football/players/19586.png,Attacker,1,84,6.6,0,0,3,2,21,0,1,0,3,2
39,Premier League,2025,42,Arsenal,19586,E. Eze,27.0,England,https://media.api-sports.io/football/players/19586.png,Midfielder,32,1816,6.96,7,2,36,18,645,16,18,11,46,27
39,Premier League,2025,52,Crystal Palace,20995,M. Lacroix,25.0,France,https://media.api-sports.io/football/players/20995.png,Defender,35,3087,6.9,1,2,17,7,1656,7,60,45,11,7
39,Premier League,2025,52,Crystal Palace,22157,W. Benítez,32.0,Argentina,https://media.api-sports.io/football/players/22157.png,Goalkeeper,1,90,7.2,0,0,0,0,27,0,0,0,0,0
39,Premier League,2025,52,Crystal Palace,25927,J. Mateta,28.0,France,https://media.api-sports.io/football/players/25927.png,Attacker,32,2222,6.73,12,0,56,32,315,9,10,6,31,14
39,Premier League,2025,52,Crystal Palace,26303,B. Sosa,27.0,Croatia,https://media.api-sports.io/football/players/26303.png,Defender,7,99,6.37,0,0,1,0,41,2,3,2,1,0
39,Premier League,2025,52,Crystal Palace,67971,M. Guéhi,25.0,England,https://media.api-sports.io/football/players/67971.png,Defender,20,1800,7.22,2,2,10,4,1064,9,30,25,5,2
39,Premier League,2025,50,Manchester City,67971,M. Guéhi,25.0,England,https://media.api-sports.io/football/players/67971.png,Defender,15,1350,7.5,1,1,14,5,1242,9,16,25,6,5
39,Premier League,2025,52,Crystal Palace,126949,C. Richards,25.0,USA,https://media.api-sports.io/football/players/126949.png,Defender,33,2826,6.9,1,0,8,2,1479,9,55,43,6,4
39,Premier League,2025,52,Crystal Palace,182201,T. Mitchell,26.0,England,https://media.api-sports.io/football/players/182201.png,Midfielder,38,3253,6.79,1,2,14,7,1107,29,101,34,43,15
39,Premier League,2025,52,Crystal Palace,286458,J. Devenny,22.0,Scotland,https://media.api-sports.io/football/players/286458.png,Midfielder,21,830,6.48,1,0,9,4,252,7,25,1,14,3
39,Premier League,2025,52,Crystal Palace,288102,A. Wharton,21.0,England,https://media.api-sports.io/football/players/288102.png,Midfielder,34,2562,7.09,1,5,17,6,1232,44,70,26,29,15
39,Premier League,2025,49,Chelsea,334037,Tyrique George,19.0,England,https://media.api-sports.io/football/players/334037.png,Attacker,4,151,6.6,0,0,3,2,23,0,2,0,3,1
39,Premier League,2025,45,Everton,334037,Tyrique George,19.0,England,https://media.api-sports.io/football/players/334037.png,Attacker,11,231,6.56,0,0,6,3,88,3,5,2,11,6
39,Premier League,2025,52,Crystal Palace,380703,Rio Cardines,19.0,England,https://media.api-sports.io/football/players/380703.png,Midfielder,1,90,6.9,0,0,1,0,31,2,1,0,4,2
39,Premier League,2025,52,Crystal Palace,402640,R. Esse,20.0,England,https://media.api-sports.io/football/players/402640.png,Midfielder,4,55,6.6,0,0,0,0,20,0,2,0,2,1
39,Premier League,2025,33,Manchester United,532,M. de Ligt,26.0,Netherlands,https://media.api-sports.io/football/players/532.png,Defender,13,1170,6.93,1,0,8,3,612,3,19,15,2,1
39,Premier League,2025,33,Manchester United,747,Casemiro,33.0,Brazil,https://media.api-sports.io/football/players/747.png,Midfielder,34,2593,7.19,9,2,36,18,1601,36,90,31,15,6
39,Premier League,2025,33,Manchester United,886,Diogo Dalot,26.0,Portugal,https://media.api-sports.io/football/players/886.png,Midfielder,34,2617,6.86,1,3,21,6,1132,29,53,27,27,18
39,Premier League,2025,33,Manchester United,891,L. Shaw,30.0,England,https://media.api-sports.io/football/players/891.png,Defender,38,3231,6.71,1,1,6,3,1711,16,74,45,20,10
39,Premier League,2025,52,Crystal Palace,1135,O. Édouard,27.0,France,https://media.api-sports.io/football/players/1135.png,Attacker,1,8,6.7,0,0,0,0,0,0,1,0,0,0
39,Premier League,2025,33,Manchester United,1165,Matheus Cunha,26.0,Brazil,https://media.api-sports.io/football/players/1165.png,Attacker,33,2503,7.13,10,2,58,35,880,35,39,21,91,44
39,Premier League,2025,33,Manchester United,1485,Bruno Fernandes,31.0,Portugal,https://media.api-sports.io/football/players/1485.png,Midfielder,35,3066,7.63,9,21,55,24,1994,137,54,20,36,15
39,Premier League,2025,33,Manchester United,2935,H. Maguire,32.0,England,https://media.api-sports.io/football/players/2935.png,Defender,23,1667,6.9,1,2,11,4,849,4,22,13,2,1
39,Premier League,2025,33,Manchester United,19220,M. Mount,26.0,England,https://media.api-sports.io/football/players/19220.png,Attacker,23,1018,6.89,3,0,13,5,428,14,24,9,17,7
39,Premier League,2025,33,Manchester United,20589,B. Mbeumo,26.0,Cameroon,https://media.api-sports.io/football/players/20589.png,Attacker,33,2621,6.84,11,3,59,32,796,47,25,8,54,18
39,Premier League,2025,33,Manchester United,50132,A. Bayındır,27.0,Türkiye,https://media.api-sports.io/football/players/50132.png,Goalkeeper,6,540,6.58,0,0,0,0,177,1,0,0,1,1
39,Premier League,2025,33,Manchester United,51494,M. Ugarte,24.0,Uruguay,https://media.api-sports.io/football/players/51494.png,Midfielder,22,901,6.68,0,0,8,1,502,3,46,20,10,7
39,Premier League,2025,33,Manchester United,115589,B. Šeško,22.0,Slovenia,https://media.api-sports.io/football/players/115589.png,Attacker,30,1636,6.76,11,1,51,34,306,9,5,3,30,10
39,Premier League,2025,33,Manchester United,157997,A. Diallo,23.0,Côte d'Ivoire,https://media.api-sports.io/football/players/157997.png,Attacker,32,2344,6.89,2,3,39,23,903,41,38,17,79,39
39,Premier League,2025,33,Manchester United,284322,K. Mainoo,20.0,England,https://media.api-sports.io/football/players/284322.png,Midfielder,28,1670,6.87,1,2,8,3,1047,22,35,20,35,19
39,Premier League,2025,33,Manchester United,328101,T. Fredricson,20.0,England,https://media.api-sports.io/football/players/328101.png,Defender,1,10,6.7,0,0,0,0,1,0,0,0,0,0
39,Premier League,2025,33,Manchester United,342970,L. Yoro,20.0,France,https://media.api-sports.io/football/players/342970.png,Defender,32,1748,6.68,0,0,8,3,988,4,32,31,3,2
39,Premier League,2025,33,Manchester United,382452,P. Dorgu,21.0,Denmark,https://media.api-sports.io/football/players/382452.png,Midfielder,26,1461,6.92,4,4,21,12,505,27,48,16,39,11
39,Premier League,2025,33,Manchester United,402329,A. Heaven,19.0,England,https://media.api-sports.io/football/players/402329.png,Defender,17,938,6.91,0,1,2,0,494,2,22,1,8,6
39,Premier League,2025,42,Arsenal,978,K. Havertz,26.0,Germany,https://media.api-sports.io/football/players/978.png,Attacker,12,583,6.68,2,3,12,4,166,11,8,1,6,3
39,Premier League,2025,42,Arsenal,1460,B. Saka,24.0,England,https://media.api-sports.io/football/players/1460.png,Attacker,31,2225,7.24,7,5,47,27,773,63,41,16,101,50
39,Premier League,2025,42,Arsenal,2273,Kepa,31.0,Spain,https://media.api-sports.io/football/players/2273.png,Goalkeeper,1,90,7,0,0,0,0,20,0,0,0,0,0
39,Premier League,2025,42,Arsenal,2937,D. Rice,26.0,England,https://media.api-sports.io/football/players/2937.png,Midfielder,36,3099,7.46,4,5,27,13,2136,64,70,37,28,14
39,Premier League,2025,42,Arsenal,18979,V. Gyökeres,27.0,Sweden,https://media.api-sports.io/football/players/18979.png,Attacker,36,2254,6.62,14,1,41,22,320,20,7,1,37,7
39,Premier League,2025,42,Arsenal,19465,David Raya,30.0,Spain,https://media.api-sports.io/football/players/19465.png,Goalkeeper,37,3330,6.95,0,0,0,0,1089,3,1,1,1,1
39,Premier League,2025,42,Arsenal,19959,B. White,28.0,England,https://media.api-sports.io/football/players/19959.png,Defender,12,713,6.89,0,1,4,1,354,8,15,9,4,3
39,Premier League,2025,42,Arsenal,22090,W. Saliba,24.0,France,https://media.api-sports.io/football/players/22090.png,Defender,31,2615,7.04,1,0,4,1,2104,10,35,17,10,7
39,Premier League,2025,42,Arsenal,22224,Gabriel Magalhães,28.0,Brazil,https://media.api-sports.io/football/players/22224.png,Defender,32,2751,7.36,3,4,17,7,1733,7,38,23,2,1
39,Premier League,2025,42,Arsenal,37127,M. Ødegaard,27.0,Norway,https://media.api-sports.io/football/players/37127.png,Midfielder,24,1370,7.01,1,6,17,8,828,40,19,7,27,9
39,Premier League,2025,42,Arsenal,38746,J. Timber,24.0,Netherlands,https://media.api-sports.io/football/players/38746.png,Defender,30,2457,6.92,3,5,22,7,1085,27,66,24,33,13
39,Premier League,2025,42,Arsenal,47311,Mikel Merino,29.0,Spain,https://media.api-sports.io/football/players/47311.png,Midfielder,22,1035,6.86,4,3,16,8,370,12,26,10,12,5
39,Premier League,2025,42,Arsenal,47315,Martín Zubimendi,26.0,Spain,https://media.api-sports.io/football/players/47315.png,Midfielder,38,3001,7.06,5,1,19,9,1927,19,68,39,15,7
39,Premier League,2025,33,Manchester United,70100,J. Zirkzee,24.0,Netherlands,https://media.api-sports.io/football/players/70100.png,Attacker,24,666,6.5,2,1,19,9,245,11,9,1,9,5
39,Premier League,2025,42,Arsenal,127769,Gabriel Martinelli,24.0,Brazil,https://media.api-sports.io/football/players/127769.png,Attacker,30,1079,6.6,1,4,22,13,260,13,12,1,38,21
39,Premier League,2025,42,Arsenal,136723,N. Madueke,23.0,England,https://media.api-sports.io/football/players/136723.png,Attacker,26,1226,6.79,2,1,15,9,411,22,21,5,61,29
39,Premier League,2025,42,Arsenal,157052,R. Calafiori,23.0,Italy,https://media.api-sports.io/football/players/157052.png,Defender,26,1707,6.92,1,2,22,8,756,9,32,15,24,16
39,Premier League,2025,42,Arsenal,313236,E. Nwaneri,18.0,England,https://media.api-sports.io/football/players/313236.png,Midfielder,6,175,6.78,0,0,4,0,87,1,1,0,8,3
39,Premier League,2025,42,Arsenal,313245,M. Lewis-Skelly,19.0,England,https://media.api-sports.io/football/players/313245.png,Defender,20,722,6.64,0,0,1,0,381,4,8,5,10,8
39,Premier League,2025,42,Arsenal,333682,Cristhian Mosquera,21.0,Spain,https://media.api-sports.io/football/players/333682.png,Defender,20,1003,6.93,0,0,1,0,630,5,32,8,3,1
39,Premier League,2025,63,Leeds,250,J. Piroe,26.0,Netherlands,https://media.api-sports.io/football/players/250.png,Attacker,16,320,6.46,0,0,9,3,97,1,2,1,3,1
39,Premier League,2025,63,Leeds,1408,S. Bornauw,26.0,Belgium,https://media.api-sports.io/football/players/1408.png,Defender,12,442,6.7,0,0,1,0,146,0,8,5,2,1
39,Premier League,2025,42,Arsenal,1946,L. Trossard,31.0,Belgium,https://media.api-sports.io/football/players/1946.png,Attacker,31,2006,6.96,6,6,35,15,757,36,27,9,56,25
39,Premier League,2025,63,Leeds,2279,E. Ampadu,25.0,Wales,https://media.api-sports.io/football/players/2279.png,Midfielder,35,3128,7.15,1,1,15,6,1729,20,81,50,17,12
39,Premier League,2025,63,Leeds,18885,K. Darlow,35.0,England,https://media.api-sports.io/football/players/18885.png,Goalkeeper,22,1985,7.05,0,0,0,0,845,0,1,0,1,1
39,Premier League,2025,63,Leeds,18901,S. Longstaff,28.0,England,https://media.api-sports.io/football/players/18901.png,Midfielder,23,1046,6.9,2,2,13,4,448,25,38,12,7,2
39,Premier League,2025,63,Leeds,19128,J. Harrison,29.0,England,https://media.api-sports.io/football/players/19128.png,Attacker,11,263,6.59,0,0,5,2,116,2,5,4,7,3
39,Premier League,2025,63,Leeds,19201,J. Bogle,25.0,England,https://media.api-sports.io/football/players/19201.png,Defender,34,2809,6.61,1,2,11,4,884,21,66,33,57,19
39,Premier League,2025,63,Leeds,19287,S. Byram,32.0,England,https://media.api-sports.io/football/players/19287.png,Defender,2,18,6.45,0,0,0,0,6,0,1,0,0,0
39,Premier League,2025,63,Leeds,19321,J. Rodon,28.0,Wales,https://media.api-sports.io/football/players/19321.png,Defender,35,2958,6.69,2,0,14,7,1450,9,37,29,2,1
39,Premier League,2025,63,Leeds,19329,D. James,28.0,Wales,https://media.api-sports.io/football/players/19329.png,Attacker,19,571,6.62,0,0,7,3,120,9,6,1,15,6
39,Premier League,2025,63,Leeds,19461,L. Nmecha,27.0,Germany,https://media.api-sports.io/football/players/19461.png,Attacker,31,1097,6.69,6,1,25,16,220,11,12,3,13,7
39,Premier League,2025,63,Leeds,32966,A. Tanaka,27.0,Japan,https://media.api-sports.io/football/players/32966.png,Midfielder,28,1326,6.74,2,0,15,5,688,18,27,21,11,4
39,Premier League,2025,63,Leeds,47969,G. Gudmundsson,26.0,Sweden,https://media.api-sports.io/football/players/47969.png,Defender,32,2642,6.67,0,0,13,3,957,21,65,27,74,39
39,Premier League,2025,63,Leeds,50739,B. Aaronson,25.0,USA,https://media.api-sports.io/football/players/50739.png,Midfielder,37,2475,6.76,4,5,29,17,668,34,50,15,84,31
39,Premier League,2025,63,Leeds,64003,P. Struijk,26.0,Netherlands,https://media.api-sports.io/football/players/64003.png,Defender,34,2942,6.83,0,1,23,5,1838,12,39,31,6,4
39,Premier League,2025,63,Leeds,80296,Lucas Perri,28.0,Brazil,https://media.api-sports.io/football/players/80296.png,Goalkeeper,16,1440,6.63,0,0,0,0,559,0,0,0,0,0
39,Premier League,2025,63,Leeds,129142,I. Gruev,25.0,Bulgaria,https://media.api-sports.io/football/players/129142.png,Midfielder,23,1334,6.7,0,3,6,1,584,11,24,15,7,6
39,Premier League,2025,63,Leeds,162128,W. Gnonto,22.0,Italy,https://media.api-sports.io/football/players/162128.png,Attacker,23,540,6.61,0,1,6,0,218,9,18,3,14,5
39,Premier League,2025,63,Leeds,177665,A. Stach,27.0,Germany,https://media.api-sports.io/football/players/177665.png,Midfielder,29,2378,7.15,5,3,31,14,939,63,65,20,42,20
39,Premier League,2025,45,Everton,895,J. Garner,24.0,England,https://media.api-sports.io/football/players/895.png,Defender,38,3426,7.24,2,7,34,14,1792,56,120,57,34,18
39,Premier League,2025,45,Everton,2932,J. Pickford,31.0,England,https://media.api-sports.io/football/players/2932.png,Goalkeeper,38,3432,7.02,0,0,0,0,1439,2,2,0,0,0
39,Premier League,2025,45,Everton,2934,M. Keane,32.0,England,https://media.api-sports.io/football/players/2934.png,Defender,33,2631,6.9,3,1,17,7,1102,2,35,37,11,6
39,Premier League,2025,45,Everton,2936,J. Tarkowski,33.0,England,https://media.api-sports.io/football/players/2936.png,Defender,37,3342,7.16,2,3,15,10,1553,19,51,31,8,4
39,Premier League,2025,45,Everton,2990,I. Gueye,36.0,Senegal,https://media.api-sports.io/football/players/2990.png,Midfielder,25,2101,6.79,2,3,18,7,1065,13,43,28,21,7
39,Premier League,2025,45,Everton,18592,I. Ndiaye,25.0,Senegal,https://media.api-sports.io/football/players/18592.png,Midfielder,32,2798,6.88,6,3,30,22,941,30,70,16,132,71
39,Premier League,2025,45,Everton,18758,S. Coleman,37.0,Republic of Ireland,https://media.api-sports.io/football/players/18758.png,Defender,5,39,6.5,0,0,0,0,18,1,0,0,0,0
39,Premier League,2025,45,Everton,18929,D. McNeil,26.0,England,https://media.api-sports.io/football/players/18929.png,Attacker,22,1189,6.63,0,1,12,5,324,15,23,10,14,7
39,Premier League,2025,45,Everton,19187,J. Grealish,30.0,England,https://media.api-sports.io/football/players/19187.png,Midfielder,20,1631,7.2,2,6,14,8,574,40,21,12,57,23
39,Premier League,2025,45,Everton,125743,Beto,27.0,Portugal,https://media.api-sports.io/football/players/125743.png,Attacker,37,1614,6.62,9,1,32,17,208,12,15,1,41,14
39,Premier League,2025,45,Everton,148099,K. Dewsbury-Hall,27.0,England,https://media.api-sports.io/football/players/148099.png,Midfielder,31,2635,7.15,8,4,28,15,1025,37,53,12,50,27
39,Premier League,2025,45,Everton,195993,C. Alcaraz,23.0,Argentina,https://media.api-sports.io/football/players/195993.png,Midfielder,20,731,6.48,0,1,12,5,307,9,14,3,15,7
39,Premier League,2025,45,Everton,270139,J. O&apos;Brien,24.0,Republic of Ireland,https://media.api-sports.io/football/players/270139.png,Defender,37,3131,6.71,1,1,10,6,1075,17,57,15,20,6
39,Premier League,2025,45,Everton,284500,T. Iroegbunam,22.0,England,https://media.api-sports.io/football/players/284500.png,Midfielder,29,1505,6.76,0,2,8,1,490,8,69,22,39,14
39,Premier League,2025,45,Everton,343684,T. Barry,23.0,France,https://media.api-sports.io/football/players/343684.png,Attacker,38,1932,6.53,8,0,31,14,362,12,6,5,30,9
39,Premier League,2025,45,Everton,405360,H. Armstrong,18.0,England,https://media.api-sports.io/football/players/405360.png,Midfielder,13,549,6.69,0,0,4,2,205,4,13,4,8,2
39,Premier League,2025,35,Bournemouth,792,J. Kluivert,26.0,Netherlands,https://media.api-sports.io/football/players/792.png,Attacker,20,951,6.54,2,0,11,4,345,21,10,4,26,11
39,Premier League,2025,63,Leeds,833,J. Bijol,26.0,Slovenia,https://media.api-sports.io/football/players/833.png,Defender,25,1913,6.93,1,2,11,6,1007,7,26,24,3,2
39,Premier League,2025,35,Bournemouth,1125,R. Christie,30.0,Scotland,https://media.api-sports.io/football/players/1125.png,Midfielder,26,986,6.72,2,0,15,8,547,11,27,12,39,19
39,Premier League,2025,55,Brentford,15908,M. Damsgaard,25.0,Denmark,https://media.api-sports.io/football/players/15908.png,Midfielder,33,2078,7.01,4,4,24,11,950,42,57,25,51,18
39,Premier League,2025,746,Sunderland,18816,A. Masuaku,32.0,Congo DR,https://media.api-sports.io/football/players/18816.png,Defender,3,127,6.5,0,0,0,0,48,1,4,2,4,2
39,Premier League,2025,66,Aston Villa,19599,E. Martínez,33.0,Argentina,https://media.api-sports.io/football/players/19599.png,Goalkeeper,32,2835,6.98,0,1,0,0,1210,2,0,0,0,0
39,Premier League,2025,63,Leeds,48389,N. Okafor,25.0,Switzerland,https://media.api-sports.io/football/players/48389.png,Attacker,28,1573,6.93,8,1,25,15,332,20,23,12,92,39
39,Premier League,2025,35,Bournemouth,129682,A. Adli,25.0,Morocco,https://media.api-sports.io/football/players/129682.png,Attacker,31,1106,6.81,3,1,14,9,413,16,36,7,22,8
39,Premier League,2025,65,Nottingham Forest,147831,A. Kalimuendo,23.0,France,https://media.api-sports.io/football/players/147831.png,Attacker,9,107,6.28,0,0,1,1,29,1,1,0,1,0
39,Premier League,2025,55,Brentford,284797,D. Ouattara,23.0,Burkina Faso,https://media.api-sports.io/football/players/284797.png,Midfielder,32,2290,6.87,7,3,42,20,484,27,24,24,80,23
39,Premier League,2025,39,Wolves,296560,J. Tchatchoua,24.0,Cameroon,https://media.api-sports.io/football/players/296560.png,Defender,31,1855,6.54,0,1,2,1,541,21,29,16,14,5
39,Premier League,2025,52,Crystal Palace,301295,K. Rodney,21.0,England,https://media.api-sports.io/football/players/301295.png,Midfielder,1,9,6.5,0,0,0,0,5,0,0,0,0,0
39,Premier League,2025,35,Bournemouth,343576,B. Doak,20.0,Scotland,https://media.api-sports.io/football/players/343576.png,Attacker,8,122,6.43,0,1,2,1,48,1,6,1,8,2
39,Premier League,2025,42,Arsenal,442044,M. Dowman,16.0,England,https://media.api-sports.io/football/players/442044.png,Midfielder,6,162,6.73,1,0,5,1,52,4,2,1,17,6
39,Premier League,2025,66,Aston Villa,453101,B. Burrows,17.0,England,https://media.api-sports.io/football/players/453101.png,Midfielder,1,16,6.5,0,0,0,0,5,0,0,0,1,0
39,Premier League,2025,50,Manchester City,44,Rodri,29.0,Spain,https://media.api-sports.io/football/players/44.png,Midfielder,21,1513,7.46,1,0,10,3,1614,26,42,14,15,7
39,Premier League,2025,40,Liverpool,542,R. Gravenberch,23.0,Netherlands,https://media.api-sports.io/football/players/542.png,Midfielder,36,2996,7.06,5,3,25,13,1860,29,59,47,54,31
39,Premier League,2025,50,Manchester City,631,P. Foden,25.0,England,https://media.api-sports.io/football/players/631.png,Midfielder,33,2119,7.01,7,5,36,19,1211,56,34,9,47,25
39,Premier League,2025,34,Newcastle,1463,J. Willock,26.0,England,https://media.api-sports.io/football/players/1463.png,Midfielder,24,1020,6.52,0,2,14,6,360,14,19,9,17,7
39,Premier League,2025,36,Fulham,19032,R. Sessegnon,25.0,England,https://media.api-sports.io/football/players/19032.png,Defender,27,1822,6.62,3,1,10,4,679,14,48,25,25,9
39,Premier League,2025,49,Chelsea,19145,T. Adarabioyo,28.0,England,https://media.api-sports.io/football/players/19145.png,Defender,16,796,6.89,0,0,1,0,757,1,17,9,0,0
39,Premier League,2025,34,Newcastle,19192,J. Ramsey,24.0,England,https://media.api-sports.io/football/players/19192.png,Midfielder,28,1474,6.66,2,3,10,4,703,22,41,9,30,15
39,Premier League,2025,36,Fulham,19549,A. Robinson,28.0,USA,https://media.api-sports.io/football/players/19549.png,Defender,22,1502,6.83,1,0,2,1,799,22,48,30,21,12
39,Premier League,2025,65,Nottingham Forest,47522,Douglas Luiz,27.0,Brazil,https://media.api-sports.io/football/players/47522.png,Midfielder,8,331,6.79,0,0,3,1,224,5,10,7,6,1
39,Premier League,2025,66,Aston Villa,47522,Douglas Luiz,27.0,Brazil,https://media.api-sports.io/football/players/47522.png,Midfielder,13,613,6.95,1,0,5,4,431,14,13,7,7,5
39,Premier League,2025,65,Nottingham Forest,158697,J. McAtee,23.0,England,https://media.api-sports.io/football/players/158697.png,Midfielder,14,322,6.54,0,1,2,0,121,6,7,3,9,3
39,Premier League,2025,40,Liverpool,180317,C. Bradley,22.0,Northern Ireland,https://media.api-sports.io/football/players/180317.png,Defender,15,932,6.59,0,1,2,0,492,4,19,13,22,7
39,Premier League,2025,65,Nottingham Forest,284428,O. Hutchinson,22.0,Jamaica,https://media.api-sports.io/football/players/284428.png,Attacker,31,1695,6.76,1,5,17,11,537,34,21,12,79,41
39,Premier League,2025,51,Brighton,305730,J. Hinshelwood,20.0,England,https://media.api-sports.io/football/players/305730.png,Midfielder,27,1750,6.66,4,3,29,15,630,15,19,6,9,3
39,Premier League,2025,48,West Ham,344707,C. Marshall,21.0,Northern Ireland,https://media.api-sports.io/football/players/344707.png,Attacker,2,58,6.35,0,0,1,0,4,0,0,2,2,1
39,Premier League,2025,33,Manchester United,545,N. Mazraoui,28.0,Morocco,https://media.api-sports.io/football/players/545.png,Defender,20,1022,6.89,0,0,2,0,543,7,28,14,15,8
39,Premier League,2025,746,Sunderland,1146,N. Mukiele,28.0,France,https://media.api-sports.io/football/players/1146.png,Defender,32,2800,6.95,3,3,16,4,1188,23,69,40,26,12
39,Premier League,2025,45,Everton,2165,V. Mykolenko,26.0,Ukraine,https://media.api-sports.io/football/players/2165.png,Defender,33,2972,6.7,0,1,6,2,1188,23,51,30,30,10
39,Premier League,2025,52,Crystal Palace,2601,D. Kamada,29.0,Japan,https://media.api-sports.io/football/players/2601.png,Attacker,28,1908,6.86,0,0,12,4,825,20,63,14,24,12
39,Premier League,2025,63,Leeds,18766,D. Calvert-Lewin,28.0,England,https://media.api-sports.io/football/players/18766.png,Attacker,35,2726,6.71,14,1,66,34,460,20,10,5,30,8
39,Premier League,2025,34,Newcastle,18894,J. Lascelles,32.0,England,https://media.api-sports.io/football/players/18894.png,Defender,2,25,6.4,0,0,0,0,8,0,0,0,0,0
39,Premier League,2025,63,Leeds,19760,J. Justin,27.0,England,https://media.api-sports.io/football/players/19760.png,Defender,29,1921,6.93,2,1,16,6,707,12,56,28,16,3
39,Premier League,2025,55,Brentford,19789,E. Pinnock,32.0,Jamaica,https://media.api-sports.io/football/players/19789.png,Defender,4,321,6.75,0,0,1,1,133,0,5,5,1,1
39,Premier League,2025,48,West Ham,37724,C. Summerville,24.0,Netherlands,https://media.api-sports.io/football/players/37724.png,Attacker,31,2485,7.05,5,2,32,15,637,27,45,16,104,51
39,Premier League,2025,39,Wolves,66407,L. Krejčí,26.0,Czechia,https://media.api-sports.io/football/players/66407.png,Defender,28,2361,6.71,2,1,16,10,1312,9,32,32,4,2
39,Premier League,2025,42,Arsenal,127817,P. Hincapié,23.0,Ecuador,https://media.api-sports.io/football/players/127817.png,Defender,25,1792,6.92,1,2,2,2,838,13,48,26,14,7
39,Premier League,2025,65,Nottingham Forest,181806,N. Savona,22.0,Italy,https://media.api-sports.io/football/players/181806.png,Defender,14,1026,6.59,2,0,4,3,399,7,20,4,5,2
39,Premier League,2025,52,Crystal Palace,184226,Yeremy Pino,23.0,Spain,https://media.api-sports.io/football/players/184226.png,Midfielder,34,2100,6.86,2,2,24,11,831,48,36,9,44,18
39,Premier League,2025,47,Tottenham,204039,D. Udogie,23.0,Italy,https://media.api-sports.io/football/players/204039.png,Defender,20,1342,6.54,0,1,2,1,585,12,31,7,18,6
39,Premier League,2025,45,Everton,304317,T. Dibling,19.0,England,https://media.api-sports.io/football/players/304317.png,Midfielder,14,371,6.52,0,0,1,0,102,4,7,6,27,13
39,Premier League,2025,48,West Ham,336585,Mateus Fernandes,21.0,Portugal,https://media.api-sports.io/football/players/336585.png,Midfielder,36,3029,7.19,3,4,17,8,1559,37,104,36,48,28
39,Premier League,2025,44,Burnley,575,Florentino,26.0,Portugal,https://media.api-sports.io/football/players/575.png,Midfielder,31,2118,6.68,0,2,10,2,1040,13,90,41,21,7
39,Premier League,2025,746,Sunderland,671,B. Traoré,30.0,Burkina Faso,https://media.api-sports.io/football/players/671.png,Attacker,12,638,6.76,1,0,9,6,180,8,11,2,22,14
39,Premier League,2025,55,Brentford,727,R. Nelson,26.0,England,https://media.api-sports.io/football/players/727.png,Attacker,10,152,6.51,0,1,5,1,73,2,4,0,12,5
39,Premier League,2025,35,Bournemouth,18872,L. Cook,28.0,England,https://media.api-sports.io/football/players/18872.png,Midfielder,18,905,6.86,0,1,2,0,498,11,25,24,4,3
39,Premier League,2025,55,Brentford,25073,V. Janelt,27.0,Germany,https://media.api-sports.io/football/players/25073.png,Midfielder,25,1460,6.94,1,4,9,3,810,21,27,30,11,5
39,Premier League,2025,746,Sunderland,37143,L. Geertruida,25.0,Netherlands,https://media.api-sports.io/football/players/37143.png,Defender,28,1715,6.83,0,0,7,3,743,8,37,19,12,7
39,Premier League,2025,746,Sunderland,38750,B. Brobbey,23.0,Netherlands,https://media.api-sports.io/football/players/38750.png,Attacker,31,1944,6.63,7,1,29,18,275,15,9,0,16,2
39,Premier League,2025,65,Nottingham Forest,70366,John,29.0,Brazil,https://media.api-sports.io/football/players/70366.png,Goalkeeper,5,438,6.3,0,0,0,0,130,0,0,0,0,0
39,Premier League,2025,65,Nottingham Forest,129695,D. Bakwa,23.0,France,https://media.api-sports.io/football/players/129695.png,Attacker,14,552,6.61,0,2,7,3,195,11,4,0,21,8
39,Premier League,2025,44,Burnley,138822,A. Broja,24.0,Albania,https://media.api-sports.io/football/players/138822.png,Attacker,24,874,6.4,1,1,8,6,151,5,6,3,24,8
39,Premier League,2025,44,Burnley,181797,B. Humphreys,22.0,England,https://media.api-sports.io/football/players/181797.png,Defender,20,1578,6.85,0,0,5,3,849,9,27,11,12,6
39,Premier League,2025,45,Everton,202854,M. Röhl,23.0,Germany,https://media.api-sports.io/football/players/202854.png,Midfielder,16,694,6.51,1,0,7,1,169,6,24,4,11,3
39,Premier League,2025,49,Chelsea,284324,A. Garnacho,21.0,Argentina,https://media.api-sports.io/football/players/284324.png,Attacker,24,1283,6.77,1,4,23,7,473,29,16,4,39,14
39,Premier League,2025,49,Chelsea,311334,F. Buonanotte,21.0,Argentina,https://media.api-sports.io/football/players/311334.png,Midfielder,1,45,6.5,0,0,0,0,22,2,1,0,1,0
39,Premier League,2025,63,Leeds,311334,F. Buonanotte,21.0,Argentina,https://media.api-sports.io/football/players/311334.png,Midfielder,3,46,6.47,0,0,0,0,14,1,0,1,1,0
39,Premier League,2025,51,Brighton,329369,T. Watson,19.0,England,https://media.api-sports.io/football/players/329369.png,Attacker,6,73,6.44,0,0,1,1,19,0,1,0,1,0
39,Premier League,2025,35,Bournemouth,330437,Álex Jiménez,20.0,Spain,https://media.api-sports.io/football/players/330437.png,Defender,31,2330,6.81,1,0,12,4,868,14,69,27,75,39
39,Premier League,2025,51,Brighton,343311,S. Tzimas,19.0,Greece,https://media.api-sports.io/football/players/343311.png,Attacker,9,164,6.58,1,1,3,1,24,6,3,0,2,1
39,Premier League,2025,52,Crystal Palace,403554,Christantus Uche,22.0,Spain,https://media.api-sports.io/football/players/403554.png,Midfielder,14,193,6.45,0,0,4,2,59,0,1,0,4,0
39,Premier League,2025,35,Bournemouth,412719,Veljko Milosavljević,18.0,Serbia,https://media.api-sports.io/football/players/412719.png,Defender,7,375,6.78,0,0,1,0,190,1,5,4,1,1
39,Premier League,2025,52,Crystal Palace,412759,J. Canvot,19.0,France,https://media.api-sports.io/football/players/412759.png,Defender,20,1347,6.87,0,0,7,1,765,3,39,12,4,2
39,Premier League,2025,66,Aston Villa,18,J. Sancho,25.0,England,https://media.api-sports.io/football/players/18.png,Attacker,23,891,6.65,0,2,4,3,377,21,6,2,29,16
39,Premier League,2025,66,Aston Villa,889,V. Lindelöf,31.0,Sweden,https://media.api-sports.io/football/players/889.png,Defender,17,985,6.67,0,1,3,0,637,2,7,8,0,0
39,Premier League,2025,50,Manchester City,1622,G. Donnarumma,26.0,Italy,https://media.api-sports.io/football/players/1622.png,Goalkeeper,34,3060,7.03,0,0,0,0,881,1,0,1,2,2
39,Premier League,2025,48,West Ham,7600,Igor,27.0,Brazil,https://media.api-sports.io/football/players/7600.png,Defender,4,122,6.4,0,0,0,0,22,1,0,1,0,0
39,Premier League,2025,39,Wolves,19341,D. Bentley,32.0,England,https://media.api-sports.io/football/players/19341.png,Goalkeeper,3,270,7.13,0,0,0,0,88,0,0,0,0,0
39,Premier League,2025,39,Wolves,110153,T. Arokodare,25.0,Nigeria,https://media.api-sports.io/football/players/110153.png,Attacker,33,1438,6.58,3,1,38,16,268,11,7,5,32,18
39,Premier League,2025,50,Manchester City,129033,J. Gvardiol,23.0,Croatia,https://media.api-sports.io/football/players/129033.png,Defender,18,1386,7.01,2,2,13,6,1045,6,18,15,6,2
39,Premier League,2025,45,Everton,138417,N. Patterson,24.0,Scotland,https://media.api-sports.io/football/players/138417.png,Defender,7,266,6.87,0,0,1,1,84,0,10,2,5,1
39,Premier League,2025,34,Newcastle,158054,N. Woltemade,23.0,Germany,https://media.api-sports.io/football/players/158054.png,Attacker,33,1939,6.66,8,3,24,13,384,22,24,5,35,13
39,Premier League,2025,33,Manchester United,162511,S. Lammens,23.0,Belgium,https://media.api-sports.io/football/players/162511.png,Goalkeeper,32,2880,7.01,0,0,0,0,942,0,1,0,0,0
39,Premier League,2025,36,Fulham,237819,Kevin,22.0,Brazil,https://media.api-sports.io/football/players/237819.png,Attacker,26,1037,6.75,1,1,19,10,338,14,21,9,88,44
39,Premier League,2025,50,Manchester City,266657,Sávio,21.0,Brazil,https://media.api-sports.io/football/players/266657.png,Attacker,24,858,6.76,1,1,17,11,372,9,9,5,54,17
39,Premier League,2025,48,West Ham,326176,S. Magassa,22.0,France,https://media.api-sports.io/football/players/326176.png,Midfielder,22,998,6.72,1,0,5,2,405,5,40,17,8,5
39,Premier League,2025,50,Manchester City,380681,D. Mukasa,18.0,England,https://media.api-sports.io/football/players/380681.png,Midfielder,2,25,6.55,0,0,0,0,19,2,0,0,0,0
39,Premier League,2025,48,West Ham,404574,Luis Guilherme,19.0,Brazil,https://media.api-sports.io/football/players/404574.png,Attacker,5,121,6.42,0,0,1,0,30,1,1,0,6,2
39,Premier League,2025,49,Chelsea,95,B. Badiashile,24.0,France,https://media.api-sports.io/football/players/95.png,Defender,8,471,6.73,0,0,0,0,439,0,7,10,0,0
39,Premier League,2025,65,Nottingham Forest,641,O. Zinchenko,29.0,Ukraine,https://media.api-sports.io/football/players/641.png,Defender,5,353,6.72,0,0,2,2,254,5,10,2,2,1
39,Premier League,2025,52,Crystal Palace,1468,E. Nketiah,26.0,England,https://media.api-sports.io/football/players/1468.png,Attacker,12,416,6.58,2,0,9,6,87,7,8,2,16,5
39,Premier League,2025,36,Fulham,1696,S. Chukwueze,26.0,Nigeria,https://media.api-sports.io/football/players/1696.png,Attacker,23,1075,6.89,3,4,17,7,412,24,6,6,39,18
39,Premier League,2025,66,Aston Villa,2287,R. Barkley,32.0,England,https://media.api-sports.io/football/players/2287.png,Midfielder,21,865,6.82,3,1,14,8,404,10,14,2,19,12
39,Premier League,2025,50,Manchester City,2291,M. Kovačić,31.0,Croatia,https://media.api-sports.io/football/players/2291.png,Midfielder,6,146,6.8,0,1,1,0,145,4,2,2,3,2
39,Premier League,2025,40,Liverpool,2864,A. Isak,26.0,Sweden,https://media.api-sports.io/football/players/2864.png,Attacker,14,714,6.51,3,1,15,6,88,2,7,0,10,1
39,Premier League,2025,65,Nottingham Forest,6056,N. Domínguez,27.0,Argentina,https://media.api-sports.io/football/players/6056.png,Midfielder,27,1193,6.83,1,1,10,5,535,12,56,7,12,6
39,Premier League,2025,44,Burnley,18927,A. Barnes,36.0,England,https://media.api-sports.io/football/players/18927.png,Attacker,7,92,6.4,0,0,1,1,13,0,0,0,1,1
39,Premier League,2025,44,Burnley,19182,A. Tuanzebe,28.0,England,https://media.api-sports.io/football/players/19182.png,Defender,14,1202,6.53,1,0,2,1,563,0,14,11,0,0
39,Premier League,2025,746,Sunderland,19911,L. O&apos;Nien,31.0,England,https://media.api-sports.io/football/players/19911.png,Midfielder,12,604,6.63,0,1,3,1,245,2,6,6,1,1
39,Premier League,2025,47,Tottenham,21104,R. Kolo Muani,27.0,France,https://media.api-sports.io/football/players/21104.png,Attacker,30,1682,6.47,1,1,15,4,327,20,28,3,66,28
39,Premier League,2025,42,Arsenal,30407,C. Nørgaard,31.0,Denmark,https://media.api-sports.io/football/players/30407.png,Midfielder,7,108,6.53,0,0,2,1,61,0,3,1,0,0
39,Premier League,2025,47,Tottenham,162016,X. Simons,22.0,Netherlands,https://media.api-sports.io/football/players/162016.png,Attacker,28,1769,6.86,2,5,25,10,803,35,34,15,67,29
39,Premier League,2025,47,Tottenham,162552,D. Scarlett,21.0,England,https://media.api-sports.io/football/players/162552.png,Attacker,2,21,6.45,0,0,0,0,4,0,0,0,0,0
39,Premier League,2025,49,Chelsea,282125,R. Lavia,21.0,Belgium,https://media.api-sports.io/football/players/282125.png,Midfielder,12,377,6.78,0,0,2,0,284,1,8,5,5,3
39,Premier League,2025,36,Fulham,436443,J. Kusi-Asare,18.0,Sweden,https://media.api-sports.io/football/players/436443.png,Attacker,7,79,6.47,0,0,0,0,16,1,1,0,0,0
39,Premier League,2025,40,Liverpool,18889,F. Woodman,28.0,England,https://media.api-sports.io/football/players/18889.png,Goalkeeper,3,212,6.9,0,0,0,0,79,0,0,1,0,0
39,Premier League,2025,33,Manchester United,37145,T. Malacia,26.0,Netherlands,https://media.api-sports.io/football/players/37145.png,Defender,3,32,6.57,0,0,0,0,13,0,3,0,0,0
39,Premier League,2025,35,Bournemouth,47499,E. Ünal,28.0,Türkiye,https://media.api-sports.io/football/players/47499.png,Attacker,23,259,6.48,1,0,10,3,56,1,1,0,4,1
39,Premier League,2025,39,Wolves,171035,T. Chirewa,22.0,England,https://media.api-sports.io/football/players/171035.png,Attacker,2,31,6.45,0,0,0,0,3,0,3,0,0,0
39,Premier League,2025,48,West Ham,291363,George Earthy,21.0,England,https://media.api-sports.io/football/players/291363.png,Midfielder,1,8,6.5,0,0,0,0,3,0,0,0,0,0
39,Premier League,2025,51,Brighton,359842,Joe Knight,20.0,England,https://media.api-sports.io/football/players/359842.png,Midfielder,1,1,,0,0,0,0,0,0,0,0,0,0
39,Premier League,2025,47,Tottenham,361735,James Rowswell,19.0,England,https://media.api-sports.io/football/players/361735.png,Defender,1,1,,0,0,0,0,0,0,0,0,0,0
39,Premier League,2025,33,Manchester United,383770,J. Fletcher,18.0,England,https://media.api-sports.io/football/players/383770.png,Midfielder,3,107,6.57,0,0,1,0,45,2,5,1,1,0
39,Premier League,2025,51,Brighton,392482,C. Kostoulas,18.0,Greece,https://media.api-sports.io/football/players/392482.png,Attacker,21,386,6.66,2,1,16,8,127,10,11,1,27,11
39,Premier League,2025,39,Wolves,456206,M. Mane,18.0,England,https://media.api-sports.io/football/players/456206.png,Attacker,27,1799,6.9,3,1,35,17,372,31,27,6,83,30
39,Premier League,2025,47,Tottenham,467839,J. Byfield,17.0,England,https://media.api-sports.io/football/players/467839.png,Defender,1,10,6.6,0,0,0,0,5,0,0,0,0,0
39,Premier League,2025,51,Brighton,553958,N. Oriola,18.0,,https://media.api-sports.io/football/players/553958.png,Attacker,1,1,,0,0,0,0,0,0,0,0,0,0
39,Premier League,2025,42,Arsenal,643,Gabriel Jesus,28.0,Brazil,https://media.api-sports.io/football/players/643.png,Attacker,14,421,6.59,3,0,16,12,108,3,4,3,17,8
39,Premier League,2025,33,Manchester United,2467,Lisandro Martínez,27.0,Argentina,https://media.api-sports.io/football/players/2467.png,Defender,18,1237,7.1,0,0,2,0,938,5,19,12,16,14
39,Premier League,2025,34,Newcastle,20649,Y. Wissa,29.0,Congo DR,https://media.api-sports.io/football/players/20649.png,Attacker,19,548,6.47,1,0,13,5,92,3,5,0,12,1
39,Premier League,2025,44,Burnley,37381,M. Trésor,26.0,Belgium,https://media.api-sports.io/football/players/37381.png,Attacker,6,63,6.47,0,0,0,0,27,1,1,0,2,0
39,Premier League,2025,746,Sunderland,284414,R. Mundle,22.0,England,https://media.api-sports.io/football/players/284414.png,Attacker,14,412,6.5,0,0,5,2,104,1,5,1,15,7
39,Premier League,2025,34,Newcastle,318056,A. Murphy,21.0,Republic of Ireland,https://media.api-sports.io/football/players/318056.png,Defender,2,16,6.6,0,0,0,0,6,0,0,1,0,0
39,Premier League,2025,66,Aston Villa,364566,George Hemmings,18.0,England,https://media.api-sports.io/football/players/364566.png,Midfielder,2,25,6.7,0,0,0,0,17,0,0,0,0,0
39,Premier League,2025,66,Aston Villa,388013,Andrés García,22.0,Spain,https://media.api-sports.io/football/players/388013.png,Defender,6,105,6.5,0,0,0,0,37,0,5,0,1,0
39,Premier League,2025,34,Newcastle,394165,S. Neave,18.0,England,https://media.api-sports.io/football/players/394165.png,Attacker,1,22,6.5,0,0,0,0,0,0,0,0,1,0
39,Premier League,2025,48,West Ham,401278,M. Kanté,20.0,France,https://media.api-sports.io/football/players/401278.png,Midfielder,11,116,6.61,0,0,2,0,31,1,6,0,1,1
39,Premier League,2025,55,Brentford,402317,R. Donovan,19.0,England,https://media.api-sports.io/football/players/402317.png,Midfielder,4,38,6.7,0,0,1,1,16,1,0,0,6,5
39,Premier League,2025,33,Manchester United,557462,S. Lacey,18.0,,https://media.api-sports.io/football/players/557462.png,Attacker,3,51,6.67,0,0,4,1,11,0,1,0,2,1
39,Premier League,2025,746,Sunderland,162076,D. Cirkin,23.0,England,https://media.api-sports.io/football/players/162076.png,Defender,8,329,6.67,0,0,1,0,99,0,8,5,4,3
39,Premier League,2025,47,Tottenham,162498,R. Drăgușin,23.0,Romania,https://media.api-sports.io/football/players/162498.png,Defender,10,541,6.57,0,0,3,0,239,0,5,16,1,1
39,Premier League,2025,33,Manchester United,404769,Bendito Mantato,17.0,England,https://media.api-sports.io/football/players/404769.png,Attacker,1,15,6.3,0,0,0,0,5,1,0,0,1,0
39,Premier League,2025,48,West Ham,553065,E. Mayers,18.0,,https://media.api-sports.io/football/players/553065.png,Defender,6,119,6.7,0,0,0,0,80,2,0,0,1,1
39,Premier League,2025,52,Crystal Palace,557413,J. Drakes-Thomas,16.0,,https://media.api-sports.io/football/players/557413.png,Attacker,2,25,6.4,0,0,0,0,11,0,1,0,1,0
39,Premier League,2025,33,Manchester United,557460,T. Fletcher,18.0,,https://media.api-sports.io/football/players/557460.png,Midfielder,2,17,6.7,0,0,0,0,19,0,0,0,0,0
39,Premier League,2025,51,Brighton,18970,P. Groß,34.0,Germany,https://media.api-sports.io/football/players/18970.png,Midfielder,19,1636,7.05,1,3,12,9,1064,39,29,12,16,7
39,Premier League,2025,44,Burnley,336578,J. Banel,21.0,Netherlands,https://media.api-sports.io/football/players/336578.png,Attacker,1,9,6.5,0,0,0,0,4,0,0,0,1,0
39,Premier League,2025,47,Tottenham,380689,C. Olusesi,18.0,England,https://media.api-sports.io/football/players/380689.png,Midfielder,1,14,6.7,0,0,0,0,8,0,0,0,0,0
39,Premier League,2025,47,Tottenham,18968,Y. Bissouma,29.0,Mali,https://media.api-sports.io/football/players/18968.png,Midfielder,11,605,6.64,0,0,4,2,317,0,18,9,5,3
39,Premier League,2025,48,West Ham,50856,V. Castellanos,27.0,Argentina,https://media.api-sports.io/football/players/50856.png,Attacker,18,1395,6.73,6,0,42,22,250,12,11,6,11,2
39,Premier League,2025,47,Tottenham,67972,C. Gallagher,25.0,England,https://media.api-sports.io/football/players/67972.png,Midfielder,16,1196,6.74,1,1,9,4,521,13,22,18,19,12
39,Premier League,2025,52,Crystal Palace,278898,C. Riad,22.0,Morocco,https://media.api-sports.io/football/players/278898.png,Defender,9,554,6.57,0,1,4,2,370,1,8,4,1,1
39,Premier League,2025,50,Manchester City,293168,Max Alleyne,20.0,England,https://media.api-sports.io/football/players/293168.png,Defender,2,135,7.2,0,0,2,1,121,1,3,3,4,3
39,Premier League,2025,48,West Ham,301187,Pablo,21.0,Portugal,https://media.api-sports.io/football/players/301187.png,Attacker,14,826,6.51,0,1,9,3,200,14,25,4,14,9
39,Premier League,2025,35,Bournemouth,361485,A. Tóth,20.0,Hungary,https://media.api-sports.io/football/players/361485.png,Midfielder,9,185,6.48,0,0,2,0,64,5,1,3,4,1
39,Premier League,2025,51,Brighton,392610,H. Howell,17.0,England,https://media.api-sports.io/football/players/392610.png,Midfielder,3,93,6.27,0,0,0,0,34,0,1,0,3,2
39,Premier League,2025,55,Brentford,393193,Kaye Iyowuna Furo,18.0,Belgium,https://media.api-sports.io/football/players/393193.png,Attacker,1,9,6.5,0,0,0,0,0,0,0,0,0,0
39,Premier League,2025,39,Wolves,449245,Pedro Lima,19.0,Brazil,https://media.api-sports.io/football/players/449245.png,Defender,9,271,6.57,0,0,3,1,54,3,8,5,3,1
39,Premier League,2025,39,Wolves,896,A. Gomes,25.0,England,https://media.api-sports.io/football/players/896.png,Midfielder,12,488,6.74,0,0,6,2,188,6,10,0,6,4
39,Premier League,2025,66,Aston Villa,983,L. Bailey,28.0,Jamaica,https://media.api-sports.io/football/players/983.png,Midfielder,13,478,6.61,0,1,5,1,138,12,10,4,26,5
39,Premier League,2025,45,Everton,17661,J. Branthwaite,23.0,England,https://media.api-sports.io/football/players/17661.png,Defender,10,689,7.05,1,0,5,2,351,3,13,11,4,0
39,Premier League,2025,66,Aston Villa,19194,T. Abraham,28.0,England,https://media.api-sports.io/football/players/19194.png,Attacker,12,294,6.61,2,0,6,3,44,4,4,0,1,1
39,Premier League,2025,39,Wolves,19484,A. Armstrong,28.0,England,https://media.api-sports.io/football/players/19484.png,Midfielder,14,1146,6.54,2,2,12,6,150,6,8,2,18,10
39,Premier League,2025,48,West Ham,21998,A. Disasi,27.0,France,https://media.api-sports.io/football/players/21998.png,Defender,14,1260,6.72,0,0,4,3,564,1,14,11,2,2
39,Premier League,2025,65,Nottingham Forest,163069,L. Netz,22.0,Germany,https://media.api-sports.io/football/players/163069.png,Defender,7,355,6.73,0,0,0,0,100,2,12,3,4,2
39,Premier League,2025,65,Nottingham Forest,199089,L. Lucca,25.0,Italy,https://media.api-sports.io/football/players/199089.png,Attacker,4,135,6.63,1,0,4,1,16,1,0,1,1,0
39,Premier League,2025,746,Sunderland,278454,M. Ellborg,22.0,Sweden,https://media.api-sports.io/football/players/278454.png,Goalkeeper,3,270,7.1,0,0,0,0,98,0,0,0,1,1
39,Premier League,2025,746,Sunderland,311543,N. Angulo,22.0,Ecuador,https://media.api-sports.io/football/players/311543.png,Attacker,8,413,6.49,0,0,6,3,78,3,10,5,15,6
39,Premier League,2025,35,Bournemouth,407806,Rayan,19.0,Brazil,https://media.api-sports.io/football/players/407806.png,Attacker,15,1119,6.97,5,2,17,8,318,14,11,8,34,13
39,Premier League,2025,47,Tottenham,414455,Souza,19.0,Brazil,https://media.api-sports.io/football/players/414455.png,Defender,4,144,6.35,0,0,1,1,27,3,0,2,2,0
39,Premier League,2025,39,Wolves,613795,J. Abbey,,,https://media.api-sports.io/football/players/613795.png,Midfielder,1,16,6.9,0,0,0,0,4,0,1,1,0,0
39,Premier League,2025,47,Tottenham,18784,J. Maddison,29.0,England,https://media.api-sports.io/football/players/18784.png,Midfielder,3,62,6.77,0,0,1,0,37,0,1,0,1,0
39,Premier League,2025,51,Brighton,18973,S. March,31.0,England,https://media.api-sports.io/football/players/18973.png,Midfielder,4,60,6.58,0,0,1,1,13,0,2,0,0,0
39,Premier League,2025,49,Chelsea,276184,M. Sarr,20.0,France,https://media.api-sports.io/football/players/276184.png,Defender,3,107,6.3,0,0,1,0,52,0,1,1,1,0
39,Premier League,2025,66,Aston Villa,464004,Alysson Edward,19.0,Brazil,https://media.api-sports.io/football/players/464004.png,Attacker,3,56,6.53,0,0,1,0,17,0,0,1,2,2
39,Premier League,2025,746,Sunderland,554280,J. T. Bi,20.0,,https://media.api-sports.io/football/players/554280.png,Midfielder,1,39,6.6,0,0,0,0,2,0,1,0,3,2
39,Premier League,2025,55,Brentford,19362,J. Dasilva,27.0,England,https://media.api-sports.io/football/players/19362.png,Midfielder,2,21,6.5,0,0,1,0,5,1,0,0,1,0
39,Premier League,2025,44,Burnley,123469,Z. Amdouni,25.0,Switzerland,https://media.api-sports.io/football/players/123469.png,Attacker,4,69,6.43,0,0,2,1,20,0,0,0,4,1
39,Premier League,2025,49,Chelsea,152953,L. Colwill,22.0,England,https://media.api-sports.io/football/players/152953.png,Defender,3,238,6.93,0,0,0,0,190,0,3,5,0,0
39,Premier League,2025,49,Chelsea,359117,Shumaira Mheuka,18.0,England,https://media.api-sports.io/football/players/359117.png,Attacker,1,9,6.5,0,0,0,0,2,0,0,0,0,0
39,Premier League,2025,49,Chelsea,417653,J. Derry,18.0,England,https://media.api-sports.io/football/players/417653.png,Attacker,1,44,6.6,0,0,2,1,13,0,1,0,2,0
